ISIN	Currency	Total Buy Count	Total Sell Count	Total Buy Quantity	Total Sell Quantity	Weighted Average Buy Price	Weighted Average Sell Price	Max Buy Price	Min Sell Price
AT0000743059	EUR	1		12		335583.3333333333		335583.3333333333	
AT0000937503	EUR	30		510		157647.0588235294		157647.0588235294	
AT0000A18XM4	CHF	168		90243		2211.6119809846746		83200.0	
AT0000A21KS2	EUR	17		28700		1354.355400696864		2288.0	
AT0000KTMI02	CHF	179		11469		121304.3857354608		133333.33333333334	
AU000000BHP4	GBX	395		108595		938670.7491136793		44916666.666666664	
AU000000S320	GBX	387		414823		26312.186161326637		83381.92419825072	
BE0003678894	EUR	8		8500		4474.705882352941		4755.0	
BMG3682E1921	NOK	96		85500		8954.853801169591		16416.0	
BMG4209G2077	GBX	342		460006		15858.48880231997		805769.2307692308	
BMG4593F1389	GBX	136		60469		187313.16873108534		84600000.0	
BMG5361W1047	GBX	220		166345		49800.71538068472		12553333.333333334	
BMG702782084	GBX	271		865884		3235.5373237061776		2060000.0	
CH0000816824	CHF	238		115842		1380.5787192900675		9153.333333333334	
CH0001752309	CHF	208		1336		17002619.76047904		110400000.0	
CH0002088976	CHF	165		6192		439266.79586563306		8290000.0	
CH0002178181	CHF	71		11863		18676.894546067604		3148000.0	
CH0002432174	CHF	222		2716		2954712.812960236		36280000.0	
CH0002497458	CHF	1016		1933		131776978.78944646		258200000.0	
CH0003541510	CHF	222		1307		26340627.39097169		152600000.0	
CH0003671440	CHF	151		4877		450633.58622103755		4826666.666666667	
CH0005795668	CHF	257		2559108		2.972637340823443		700.0	
CH0006372897	CHF	238		1012		73478260.86956522		320000000.0	
CH0008012236	CHF	213		1807		16318317.653569452		74300000.0	
CH0008038389	CHF	282		19773		128003.59075507005		9160000.0	
CH0008742519	CHF	975		10198		5225840.36085507		54820000.0	
CH0008837566	CHF	216		5111		826221.8743885737		19480000.0	
CH0009002962	CHF	623		2081		62829408.93801057		214800000.0	
CH0009691608	CHF	100		2527		823209.339137317		4190000.0	
CH0010570759	CHF	215		215		9892511627.906977		10140000000.0	
CH0010570767	CHF	303		1135		256351982.37885463		983500000.0	
CH0010645932	CHF	1171		1606		275831880.4483188		385000000.0	
CH0010675863	CHF	185		9396		273886.76032354194		6980000.0	
CH0010702154	CHF	258		6565		833154.6077684691		22040000.0	
CH0010754924	CHF	211		1369		16838130.021913804		55200000.0	
CH0011029946	CHF	133		815		16554846.625766871		101000000.0	
CH0011075394	CHF	1431		32015		1745473.9965641105		36980000.0	
CH0011108872	CHF	197		4480		1325223.2142857143		10000000.0	
CH0011339204	CHF	171		62478		2701.1908191683474		1008000.0	
CH0011432447	CHF	151		19643		25516.468971134756		1160000.0	
CH0011484067	CHF	174		1934		3897647.3629782833		6235714.285714285	
CH0011693600	CHF	169		2274		3013082.6737027266		40700000.0	
CH0011795959	CHF	202		2355		4002029.723991507		46480000.0	
CH0012005267	CHF	2286		213624		82172.91596449837		608333.3333333334	
CH0012032048	CHF	2492		51956		1598537.993686966		8100000.0	
CH0012032113	CHF	366		6762		1866175.687666371		36340000.0	
CH0012100191	CHF	228		3582		2393539.921831379		38280000.0	
CH0012138530	CHF	1434		799336		1237.9865288189196		9266.666666666666	
CH0012138605	CHF	574		51035		42675.43842461056		486625.0	
CH0012142631	CHF	218		84234		3743.5180568416554		8720.93023255814	
CH0012214059	CHF	1292		124507		43557.398379207596		4202000.0	
CH0012221716	CHF	1161		264518		12843.447326835982		726000.0	
CH0012255144	CHF	223		28298		36021.62697010389		4630000.0	
CH0012255151	CHF	637		13169		1170460.1716151568		24580000.0	
CH0012268360	CHF	106		150108		221.20739734058145		349.44444444444446	
CH0012280076	CHF	394		2395		21888810.02087683		138200000.0	
CH0012335540	CHF	199		15120		85026.12433862434		6440000.0	
CH0012410517	CHF	308		16652		258444.0307470574		14470000.0	
CH0012453913	CHF	204		14555		110121.33287530058		7990000.0	
CH0012530207	CHF	320		6444		2615580.3848541277		54900000.0	
CH0012549785	CHF	252		6410		1281296.4118564744		33430000.0	
CH0012627250	CHF	212		6856		781534.422403734		1800000.0	
CH0012684657	CHF	166		8177		154742.57062492357		7790000.0	
CH0012829898	CHF	272		2588		10884891.808346214		107100000.0	
CH0013841017	CHF	882		7782		6996520.174762272		31070000.0	
CH0014284498	CHF	209		1867		8255757.900374933		74000000.0	
CH0014786500	CHF	150		8240		162285.1941747573		644285.7142857143	
CH0014852781	CHF	940		10027		4815129.151291513		13170000.0	
CH0016440353	CHF	316		2966		8913924.477410654		84700000.0	
CH0017875789	CHF	89		2740		394021.897810219		13460000.0	
CH0018294154	CHF	246		17056		172644.23076923078		11970000.0	
CH0019107025	CHF	91		1883		872904.9389272438		1225333.3333333333	
CH0019396990	CHF	184		7079		384396.1011442294		14800000.0	
CH0021218067	CHF	111		3007235		0.44695542583137		3.192488262910798	
CH0022268228	CHF	156		93558		1019.1645823980846		21206.896551724138	
CH0022427626	CHF	186		611		60581833.060556464		213000000.0	
CH0023405456	CHF	261		115375		7520.017334777898		1148333.3333333333	
CH0023868554	CHF	159		27153		13420.69016314956		2300000.0	
CH0024590272	CHF	194		6159		719499.9188179899		4630000.0	
CH0024608827	CHF	1051		4129		27587079.19593122		108500000.0	
CH0024638196	CHF	192		7194		541723.6586043925		4106000.0	
CH0024638212	CHF	207		7260		556210.7438016529		19990000.0	
CH0025238863	CHF	193		6219		808921.0484000643		25950000.0	
CH0025343259	CHF	107		4371		217984.44291924045		1992000.0	
CH0025536027	CHF	199		2448		3548508.9869281044		22075000.0	
CH0025751329	CHF	1031		64235		107738.64715497782		3366000.0	
CH0027148649	CHF	1		204		607.843137254902		607.843137254902	
CH0028422100	CHF	122		13871		31901.08860211953		74693.87755102041	
CH0030170408	CHF	884		5699		9134044.56922267		20120000.0	
CH0030380734	CHF	220		16280		109725.42997542997		2770000.0	
CH0030486770	CHF	201		3876		1484842.62125903		29150000.0	
CH0033361673	CHF	207		14400		84087.5		5965000.0	
CH0038388911	CHF	59		3744		102044.6047008547		808125.0	
CH0038389992	CHF	91		13375		42345.42056074766		124313.72549019608	
CH0038863350	CHF	2080		153389		154446.16628311027		2322800.0	
CH0039821084	CHF	107		417		48700239.80815348		95750000.0	
CH0042615283	CHF	179		9655		250999.48213360953		6810000.0	
CH0043238366	CHF	212		887142		19.65525248494604		83150.0	
CH0100191136	CHF	4		152748		0.14717050305077645		0.14821822768842635	
CH0100837282	CHF	246		5384		948384.1010401188		20600000.0	
CH0102484968	CHF	198		48762		19447.479594766417		677285.7142857143	
CH0102659627	CHF	158		483989		32.72171474971539		1232.9268292682927	
CH0108503795	CHF	462		7945999		1.8816136271852035		46.995994659546064	
CH0110240600	CHF	183		52495		6010.896275835794		22784.810126582277	
CH0111677362	CHF	333		12325		225637.322515213		8480000.0	
CH0118530366	CHF	199		15525		66486.31239935588		2630000.0	
CH0126673539	CHF	288		19109		115490.60652048772		7805000.0	
CH0126881561	CHF	1240		59167		162231.78460966417		3805000.0	
CH0127480363	CHF	210		7022		374423.2412418114		6215000.0	
CH0130293662	CHF	295		19763		156035.01492688357		11200000.0	
CH0190891181	CHF	205		15822		75142.83908481861		1946666.6666666667	
CH0198251305	GBX	1564		256046		961081.0166923131		17638888.888888888	
CH0210483332	CHF	1455		100714		156148.74793971048		5337500.0	
CH0212255803	CHF	114		8800		76535.22727272728		157297.2972972973	
CH0225173167	CHF	322		29666		61023.56232724331		5890000.0	
CH0238627142	CHF	291		8201		757797.8295329838		11100000.0	
CH0239229302	CHF	244		13801		209120.35359756538		11810000.0	
CH0239518779	CHF	276		43537		60039.50662654753		1586666.6666666667	
CH0244017502	CHF	142		956		14058577.40585774		97800000.0	
CH0244767585	CHF	1077		538159		2929.459509178514		104785.71428571429	
CH0256379097	CHF	124		24892		10988.470191226097		2210000.0	
CH0273774791	CHF	113		919		7687486.398258978		31550000.0	
CH0276534614	CHF	213		11962		132521.31750543386		7490000.0	
CH0276837694	CHF	235		78395		3692.0466866509346		6119.266055045871	
CH0311864901	CHF	281		5311		1592280.1732253812		30440000.0	
CH0314029270	CHF	1		200		246.5		246.5	
CH0315966322	CHF	202		3851		1341443.7808361466		3707142.8571428573	
CH0319416936	CHF	193		7702		375277.84990911453		5016666.666666667	
CH0346177709	CHF	21		46000		52.96739130434783		117.0	
CH0360674466	CHF	291		27744		64108.636101499425		6370000.0	
CH0360826991	CHF	308		15077		523230.74882271007		8583333.333333334	
CH0363463438	CHF	209		67967		5442.7295599334975		599000.0	
CH0364749348	CHF	211		15060		227898.73837981408		16335000.0	
CH0371153492	CHF	215		16924		70631.35192625856		2845000.0	
CH0386200239	CHF	271		7191		501946.8780419969		13900000.0	
CH0406705126	CHF	146		7714		178231.78636245787		9380000.0	
CH0418792922	CHF	1078		24585		1289000.6101281268		29300000.0	
CH0432492467	CHF	1103		77674		95927.18284110512		867000.0	
CH0435377954	CHF	273		85841		6424.971750096108		2060000.0	
CH0453226893	CHF	149		28247		8525.861153396821		1670000.0	
CH0466642201	CHF	408		27914		146169.4848463137		10200000.0	
CH0468525222	CHF	137		5539		250886.44159595596		3640000.0	
CH0496451508	CHF	329		121864		2830.0646622464387		542000.0	
CH0528751586	CHF	180		9043		157694.34922039145		7880000.0	
CH0530235594	CHF	242		19679		51162.9147822552		4170000.0	
CH0531751755	CHF	261		25842		75241.08041173284		7460000.0	
CH0582581713	CHF	157		4628		692221.2618841833		20400000.0	
CH1101098163	CHF	257		4150		2869903.6144578313		47900000.0	
DE0002635273	EUR	20		9180		3757.4074074074074		3837.037037037037	
DE0005140008	EUR	34		1564		17478.260869565216		17478.260869565216	
DE0005190037	EUR	34		408		325000.0		325000.0	
DE0005557508	EUR	9		54		255137.03703703705		256233.33333333334	
DE0005773303	EUR	1		5		1004800.0		1004800.0	
DE0005785604	EUR	15		165		254545.45454545456		254545.45454545456	
DE0005933931	EUR	71		23494		32868.39192985443		2240000.0	
DE0005933972	EUR	34		272		330000.0		330000.0	
DE0006048408	EUR	1		5		1237000.0		1237000.0	
DE0006048432	EUR	35		2009		101239.42259830762		828571.4285714285	
DE0006062144	EUR	7		35		844000.0		844000.0	
DE0006231004	EUR	2		10		563250.0		564300.0	
DE0007037129	EUR	1		5		719200.0		719200.0	
DE0007100000	EUR	35		969		182433.43653250774		1191600.0	
DE0007164600	EUR	36		282		1172819.1489361702		1967800.0	
DE0007297004	EUR	34		2618		12337.662337662337		12337.662337662337	
DE0007500001	EUR	34		24072		1115.819209039548		1115.819209039548	
DE0007664039	EUR	39		354		1536440.6779661018		1737500.0	
DE0008232125	EUR	32		6608		2719.128329297821		35750.0	
DE0008404005	EUR	34		170		3600000.0		3600000.0	
DE000A0DJ6J9	EUR	34		16048		5190.677966101695		5190.677966101695	
DE000A0F5UF5	EUR	34		680		564000.0		564000.0	
DE000A0LD2U1	EUR	2		12		260583.33333333334		260666.66666666666	
DE000A1EWWW0	EUR	27		675		760000.0		760000.0	
DE000BASF111	EUR	77		12047		32646.63401676766		1052200.0	
DE000BAY0017	EUR	69		774		380147.2868217054		1027800.0	
DE000CBK1001	EUR	2		30		40000.0		40000.0	
DE000ENAG999	EUR	72		1974		36695.23809523809		123022.22222222222	
DE000ENER6Y0	EUR	69		9083		11855.664428052405		389000.0	
DE000ETFL011	EUR	33		22838		17177.51116560119		27091.32420091324	
DE000TUAG000	EUR	6		2935		480.71550255536624		5897.5	
DE000TUAG000	GBX	195		353519		10812.629589923032		19500000.0	
DE000WAF3001	EUR	34		272		1125000.0		1125000.0	
DK0010181759	DKK	31		6913		358744.3946188341		358744.3946188341	
DK0010244425	DKK	1		2		1043000000.0		1043000000.0	
DK0010274414	DKK	26		915		288087.4316939891		1464285.7142857143	
DK0060252690	DKK	2		10		11958000.0		11980000.0	
DK0060542181	DKK	1		7		1480000.0		1480000.0	
DK0060636678	DKK	7		35		2892142.8571428573		2897000.0	
DK0060738599	DKK	11		55		5419272.7272727275		5462000.0	
DK0060946788	DKK	3		21		1636428.5714285714		1649285.7142857143	
DK0061539921	DKK	6		30		3934333.3333333335		3954000.0	
ES0105027009	EUR	3		26		178923.07692307694		193500.0	
ES0105630315	EUR	1		5		415600.0		415600.0	
ES0113211835	EUR	3		72		20484.027777777777		20543.75	
ES0113679I37	EUR	6		132		20477.272727272728		21461.904761904763	
ES0113900J37	EUR	37		2180		3503.532110091743		7741.666666666667	
ES0116870314	EUR	11		55		456654.54545454547		458600.0	
ES0130670112	EUR	35		210		291869.04761904763		298750.0	
ES0137650018	EUR	4		20		493250.0		498000.0	
ES0140609019	EUR	1		37		7218.918918918919		7218.918918918919	
ES0143416115	EUR	2		12		291375.0		300166.6666666667	
ES0144580Y14	EUR	6		86		63076.74418604651		82000.0	
ES0171996095	EUR	1		9		114888.88888888889		114888.88888888889	
ES0173093024	EUR	1		6		284666.6666666667		284666.6666666667	
ES0173516115	EUR	1		9		128066.66666666667		128066.66666666667	
ES0177542018	EUR	2		139		2162.589928057554		2279.5454545454545	
ES0177542018	GBX	2058		3968068		6435.221876238008		12394000.0	
ES0178430E18	EUR	178		4625		14309.675675675675		16493.75	
ES0184262212	EUR	34		170		904000.0		904000.0	
FI0009000202	EUR	1		5		458800.0		458800.0	
FI0009003727	EUR	2		22		79700.0		79709.09090909091	
FI0009005987	EUR	8		43		501209.3023255814		541400.0	
FO0000000179	NOK	8		807		548277.571251549		554600.0	
FR0000045072	EUR	34		7922		3648.068669527897		3648.068669527897	
FR0000120404	EUR	1		47		57255.31914893617		57255.31914893617	
FR0000120693	EUR	1		5		3700000.0		3700000.0	
FR0000121014	EUR	34		170		11620000.0		11620000.0	
FR0000125007	EUR	34		510		260000.0		260000.0	
FR0000131104	EUR	25		1200		98958.33333333333		98958.33333333333	
FR0000133308	EUR	34		2618		12337.662337662337		12337.662337662337	
FR0007054358	EUR	66		72600		3262.658402203857		3340.4545454545455	
FR0010010827	EUR	34		387600		195.41924664602683		201.8421052631579	
FR0010261198	EUR	10		580		245808.62068965516		246482.75862068965	
FR0010340141	EUR	34		238		1471428.5714285714		1471428.5714285714	
FR0010342592	EUR	1		12		5789166.666666667		5789166.666666667	
FR0010361683	EUR	4		1568		5697.193877551021		5716.071428571428	
FR0010405431	EUR	3		26361		9.869124843518835		9.912370547399567	
FR0010446146	EUR	34		846600		44.58374675171273		45.31726907630522	
FR0010446658	EUR	34		1237600		18.138574660633484		19.39835164835165	
FR0010446666	EUR	34		7245400		0.6334419079691942		0.6514312529328954	
FR0010468983	EUR	67		93800		2012.8944562899787		2115.714285714286	
FR0010655712	EUR	23		759		725678.5243741765		742575.7575757576	
FR0010655761	EUR	29		1131		559274.9778956675		568461.5384615385	
FR0010869495	EUR	34		1632000		3.9427205882352943		4.02	
FR0013505062	EUR	34		9724		842.6573426573426		842.6573426573426	
GB0000066554	GBX	177		50070		429167.1659676453		8093333.333333333	
GB0000197722	GBX	117		62760		127015.61504142766		69000000.0	
GB0000385517	GBX	183		63371		254734.81560966372		4450000.0	
GB0000456144	GBX	1491		228130		990574.4531626704		76025000.0	
GB0000485838	GBX	196		45634		338990.66485515184		8010000.0	
GB0000536739	GBX	1678		104494		7467161.750913928		14144117.647058824	
GB0000667013	GBX	141		32087		523601.45853460906		2368627.4509803923	
GB0000811801	GBX	1562		645428		132349.32478913217		6151111.111111111	
GB0000904986	GBX	756		53085		3820713.949326552		9825000.0	
GB0000961622	GBX	154		149414		22766.005862904414		22040000.0	
GB0001048619	GBX	86		361664		2139.3475712263316		6206.666666666667	
GB0001367019	GBX	1881		924289		96205.06140395482		2626666.6666666665	
GB0001500809	GBX	242		694528		1861.194941024696		2669000.0	
GB0001638955	GBX	174		52150		262437.2003835091		78350000.0	
GB0001639920	GBX	241		16442		4602146.940761465		36055555.55555555	
GB0001740025	GBX	229		106743		103529.50544766402		1229487.1794871795	
GB0001765816	GBX	194		158158		33473.80467633632		171250.0	
GB0001826634	GBX	194		29035		1700616.4973308076		253600000.0	
GB0001859296	GBX	288		92368		288988.8272994977		9472000.0	
GB0001990497	GBX	182		256877		26874.535283423585		214325.8426966292	
GB0002018363	GBX	139		12662		3363291.73906176		307500000.0	
GB0002074580	GBX	195		21157		2891109.325518741		314600000.0	
GB0002148343	GBX	210		26652		1212869.5782680474		77600000.0	
GB0002162385	GBX	1955		1464909		51828.97367686321		38800000.0	
GB0002318888	GBX	129		10387		4020390.8732068934		107333333.33333333	
GB0002374006	GBX	2648		335743		2760048.3107615053		44131250.0	
GB0002395811	GBX	229		33323		1216217.0272784564		19688888.888888888	
GB0002405495	GBX	1500		105132		4132142.449492067		57280000.0	
GB0002418548	GBX	194		297522		6864.332721613864		126941.17647058824	
GB0002634946	GBX	1724		818190		145434.50787714345		4323750.0	
GB0002652740	GBX	241		33991		2005201.3768350445		283500000.0	
GB0002869419	GBX	208		51684		534142.0942651498		133500000.0	
GB0002875804	GBX	2372		311432		2327858.569446942		9604687.5	
GB0002945029	GBX	149		142411		46831.354319539925		306896.5517241379	
GB0003052338	GBX	227		159888		82372.66086260382		1346511.6279069767	
GB0003096442	GBX	1072		314361		308635.7722491021		1236805.5555555555	
GB0003308607	GBX	256		34684		1810445.738669127		254900000.0	
GB0003385308	GBX	194		26897		2180800.832806633		302000000.0	
GB0003395000	GBX	121		85582		59240.84503750789		621739.1304347826	
GB0003435012	GBX	1		1		38550000.0		38550000.0	
GB0003450359	GBX	163		53925		222924.4320815948		642241.3793103448	
GB0003452173	GBX	193		422784		4179.521930820466		9210000.0	
GB0003466074	GBX	67		27490		193903.23754092396		13316666.666666666	
GB0003718474	GBX	160		8988		12176234.979973298		690000000.0	
GB0003753778	GBX	24		1486		812018.8425302827		2168000.0	
GB0004052071	GBX	1144		143387		1869305.4461004136		9268000.0	
GB0004082847	GBX	1807		955532		88624.74516813671		47000000.0	
GB0004161021	GBX	281		768483		4210.750270337795		5770000.0	
GB0004220025	GBX	208		46690		953180.5525808524		211200000.0	
GB0004228648	GBX	191		22535		1440976.2591524296		11746666.666666666	
GB0004270301	GBX	109		19521		710516.8792582348		15750000.0	
GB0004478896	GBX	187		119482		34131.91945230244		21900000.0	
GB0004544929	GBX	1728		348365		757076.1988144618		25000000.0	
GB0004657408	GBX	242		771793		1489.570389987989		1578333.3333333333	
GB0004726096	GBX	155		223059		15408.031059047158		1213684.2105263157	
GB0004866223	GBX	157		35628		319939.3735264399		71600000.0	
GB0004915632	GBX	204		381073		4593.476840395409		268125.0	
GB0005405286	GBX	2914		2867012		48008.839865337155		23652500.0	
GB0005576813	GBX	622		172737		280322.6870907796		79180000.0	
GB0005603997	GBX	1509		1984037		18751.4496957466		24610000.0	
GB0005758098	GBX	1043		552684		141948.1294917168		10760000.0	
GB0005774855	GBX	291		113092		189480.2461712588		18300000.0	
GB0006027295	GBX	205		264190		23916.87800446648		234328.35820895524	
GB0006111909	GBX	196		120961		184264.34966642142		2296000.0	
GB0006215205	GBX	191		227825		16649.75309996708		2032000.0	
GB0006436108	GBX	226		36427		944162.297197134		13000000.0	
GB0006640972	GBX	158		11409		3594136.2082566395		23636363.636363637	
GB0006650450	GBX	253		44165		1311083.4371108343		223500000.0	
GB0006667470	GBX	33		1438		1561682.892906815		6118181.818181818	
GB0006731235	GBX	1774		230894		1309490.502135179		58150000.0	
GB0006776081	GBX	1563		548831		173238.97520366014		2646086.9565217393	
GB0006825383	GBX	1532		218166		1609632.5733615686		233500000.0	
GB0006827546	GBX	213		1463		700150375.9398496		4930000000.0	
GB0006886666	GBX	157		46252		297003.372827121		88400000.0	
GB0006928617	GBX	217		83628		255139.7857177022		98440000.0	
GB0007099541	GBX	1579		530141		320926.7911744234		54250000.0	
GB0007188757	GBX	2436		176669		8138181.571186796		54636363.63636363	
GB0007323586	GBX	155		10798		5872291.165030561		136600000.0	
GB0007366395	GBX	237		52090		1065079.6698022652		232500000.0	
GB0007388407	GBX	123		21025		724642.0927467301		124200000.0	
GB0007668071	GBX	173		46484		402695.5511573875		54450000.0	
GB0007669376	GBX	1529		301066		617449.6622003149		3919354.8387096776	
GB0007816068	GBX	242		143238		132633.79829374887		78200000.0	
GB0007826091	GBX	128		58191		183727.72421852176		1722000.0	
GB0007873697	GBX	206		96350		97199.79242345615		1052325.5813953488	
GB0007908733	GBX	1900		413687		722470.1283820859		79450000.0	
GB0007913485	GBX	153		247446		10684.755461797726		90000.0	
GB0007918872	GBX	180		87348		108785.54746531117		1472222.2222222222	
GB0007958233	GBX	210		236286		10832.973599790084		242200.0	
GB0007973794	GBX	246		790874		3993.050726158655		2506000.0	
GB0007980591	GBX	2891		3821469		25977.686852883013		1054545.4545454546	
GB0007990962	GBX	240		99921		130696.25003752965		27450000.0	
GB0008025412	GBX	59		561368		351.35597326530905		1144.0	
GB0008085614	GBX	129		13262		2155896.546523903		219000000.0	
GB0008220112	GBX	1561		993563		46811.63650417739		483548.3870967742	
GB0008481250	GBX	43		256277		1176.6565083874088		1757.5	
GB0008706128	GBX	2286		11903005		821.1846504307106		4400000.0	
GB0008711763	GBX	87		99361		16741.779974034078		9750000.0	
GB0008754136	GBX	846		314732		187350.38064130754		700000.0	
GB0008782301	GBX	1518		2568823		8013.415093215843		48727.27272727273	
GB0008794710	GBX	115		20245		764544.3319338108		134600000.0	
GB0008825324	GBX	178		53313		352045.46733442124		35800000.0	
GB0008910555	GBX	200		87851		156067.6600152531		2740000.0	
GB0009039941	GBX	249		429353		8284.931047413202		3690000.0	
GB0009064097	GBX	188		170824		46232.96492296165		308571.4285714286	
GB0009123323	GBX	167		19154		2778772.0580557585		320800000.0	
GB0009223206	GBX	1597		465672		421529.9610025941		3073750.0	
GB0009252882	GBX	2917		901406		475643.1397172861		24933333.333333332	
GB0009292243	GBX	208		40832		917214.4396551724		179900000.0	
GB0009465807	GBX	647		84768		1133815.2368818421		28980000.0	
GB0009633180	GBX	1340		98318		5538035.761508574		13412903.225806452	
GB0009697037	GBX	108		120830		27663.82520897128		297714.28571428574	
GB0009887422	GBX	148		153250		24328.352365415987		616585.3658536585	
GB0009895292	GBX	2821		165129		14869143.518097972		220250000.0	
GB0030232317	GBX	172		85858		92977.94032006335		2512222.222222222	
GB0030517261	GBX	231		207110		112521.84829317754		3510344.827586207	
GB0030913577	GBX	1493		2500260		9978.352251365857		16955000.0	
GB0031215220	GBX	739		89123		993628.8051344771		121200000.0	
GB0031232498	GBX	221		122635		74758.83719982061		4150000.0	
GB0031274896	GBX	867		910509		14957.952090533976		231578.94736842104	
GB0031348658	GBX	2373		3378903		11208.495775108075		301851.85185185185	
GB0031544546	GBX	5		387371		1.6650704363517146		11.182108626198083	
GB0031638363	GBX	1829		95496		9502244.07305018		501200000.0	
GB0031743007	GBX	1650		230222		1204566.4619367393		24350000.0	
GB0032089863	GBX	1524		61515		14837431.520767292		100066666.66666667	
GB0033195214	GBX	1503		1340469		30231.777086974784		27060000.0	
GB0033986497	GBX	794		2454678		2415.9592419046407		832666.6666666666	
GB00B012BV22	GBX	96		39486		140881.57828090969		1208333.3333333333	
GB00B012TP20	GBX	101		97470		24509.07971683595		23500000.0	
GB00B019KW72	GBX	1433		1323924		26900.282795689178		1242500.0	
GB00B01QGK86	GBX	178		222597		14038.733675656005		4370000.0	
GB00B02J6398	GBX	1508		152313		2522067.7158220243		64000000.0	
GB00B02QND93	GBX	142		60345		130121.79965200099		54800000.0	
GB00B033F229	GBX	254		1055825		1767.4330499846092		7384000.0	
GB00B04V1276	GBX	141		150842		25138.489280173955		8966666.666666666	
GB00B06QFB75	GBX	800		250646		228886.75662089163		7180000.0	
GB00B0744359	GBX	164		129099		35153.64177878992		370000.0	
GB00B0744B38	GBX	1439		151609		2655698.540324123		281700000.0	
GB00B082RF11	GBX	1947		1009030		93337.88886356204		48390000.0	
GB00B0H2K534	GBX	128		325020		3948.1724201587595		5025000.0	
GB00B0LCW083	GBX	1696		217410		1453312.175152937		17154545.454545453	
GB00B0N8QD54	GBX	250		106571		178665.39677773503		76500000.0	
GB00B0SWJX34	GBX	1671		78999		15175495.892353067		143840000.0	
GB00B0WMWD03	GBX	199		204752		29438.63796202235		30540000.0	
GB00B0YG1K06	GBX	138		343124		2954.8209976568237		3620000.0	
GB00B10RZP78	GBX	2460		327517		2580035.540139901		70000000.0	
GB00B11V7W98	GBX	212		123387		155996.17463752258		961052.6315789474	
GB00B128J450	GBX	126		575952		1773.5158485429342		7980000.0	
GB00B132NW22	GBX	168		252657		14864.183458206184		263529.4117647059	
GB00B135BJ46	GBX	93		23536		447667.4031271244		4973913.043478261	
GB00B14SKR37	GBX	182		385455		10596.308259070449		1083333.3333333333	
GB00B15FWH70	GBX	104		689539		474.2733913527734		40423.07692307692	
GB00B17BBQ50	GBX	756		312305		91150.12567842334		1621304.347826087	
GB00B17MMZ46	GBX	123		299981		3495.388041242612		1698000.0	
GB00B188SR50	GBX	253		902543		4374.838650346854		21138.211382113823	
GB00B19NLV48	GBX	1572		187157		2381023.418840866		28190000.0	
GB00B19Z1432	GBX	170		184598		17063.56515238518		72720.30651340996	
GB00B19Z2J52	GBX	310		1301986		1775.6028098612428		7023.2558139534885	
GB00B1CKQ739	GBX	129		38622		347348.661384703		3470000.0	
GB00B1CRLC47	GBX	1494		261632		779461.036876223		12222727.272727273	
GB00B1FH8J72	GBX	1540		151088		2891516.8643439584		6388888.888888889	
GB00B1FP6H53	GBX	102		117805		18465.260387929204		338412.6984126984	
GB00B1FW5029	GBX	194		445328		5274.4044838860345		187727.27272727274	
GB00B1JQBT10	GBX	160		1225516		266.98141843925333		11666.666666666666	
GB00B1JQDM80	GBX	69		283218		1682.7849924792915		33913.04347826087	
GB00B1KJJ408	GBX	1496		131144		2939543.55517599		51520000.0	
GB00B1L5QH97	GBX	195		227328		11388.91821509009		84402.51572327044	
GB00B1N7Z094	GBX	196		54846		416110.5641250046		28850000.0	
GB00B1QH8P22	GBX	100		48294		116649.06613658012		792253.5211267605	
GB00B1V9NW54	GBX	201		32381		629872.4560699175		25550000.0	
GB00B1VNSX38	GBX	244		123701		131518.33857446586		33475000.0	
GB00B1VZ0M25	GBX	1731		558918		306582.89767014125		11138888.888888888	
GB00B1WY2338	GBX	1347		242962		778815.2056700225		17293750.0	
GB00B1XH2C03	GBX	279		402364		8640.310763388376		319500.0	
GB00B1XZS820	GBX	2666		213343		4761322.846308527		77480000.0	
GB00B1YKG049	GBX	94		374906		2354.2167903421123		2312500.0	
GB00B1YW4409	GBX	1400		325066		508869.27577784203		11885000.0	
GB00B1Z4ST84	GBX	69		76035		23099.099099099098		25060000.0	
GB00B1ZBKY84	GBX	197		316340		12029.114244167667		9740000.0	
GB00B23K0M20	GBX	113		935912		263.3036011932746		382000.0	
GB00B24CGK77	GBX	2179		105995		11946638.992405303		96500000.0	
GB00B29H4253	GBX	159		130852		40618.02647265613		1085483.8709677418	
GB00B2B0DG97	GBX	1596		316165		1136333.243717679		226000000.0	
GB00B2NGPM57	GBX	174		82662		91643.31857443566		524000.0	
GB00B2PDGW16	GBX	113		26878		593736.5131334177		2682075.4716981133	
GB00B2QPKJ12	GBX	1413		384404		262036.55529078783		2070588.2352941176	
GB00B39J2M42	GBX	1466		510117		299422.44622312137		52600000.0	
GB00B3DGH821	GBX	204		619310		3381.8604576060457		99611.6504854369	
GB00B3FLWH99	GBX	136		58461		148846.23937325738		7981250.0	
GB00B3MBS747	GBX	1486		301981		603992.3041515857		61350000.0	
GB00B41H7391	GBX	184		150717		42552.26683121346		3008333.3333333335	
GB00B45C9X44	GBX	225		178292		40884.61624750409		33450000.0	
GB00B4WFW713	GBX	288		443621		16100.590368805804		24820000.0	
GB00B4Y7R145	GBX	267		830202		2907.9428861891442		9000000.0	
GB00B4YZN328	GBX	186		670425		1833.1953611515085		6600000.0	
GB00B53P2009	GBX	142		199637		13052.740724414813		1143750.0	
GB00B572ZV91	GBX	125		1427036		235.47058378345045		2652.2593320235756	
GB00B5N0P849	GBX	117		226238		8086.528346254829		274473.6842105263	
GB00B5ZN1N88	GBX	1544		447834		425184.44334284577		2723333.3333333335	
GB00B60BD277	GBX	63		116467		8252.466363862724		15400000.0	
GB00B61TVQ02	GBX	198		89987		144201.38464444864		3135714.285714286	
GB00B62G9D36	GBX	174		317601		8259.671726474413		15010000.0	
GB00B62Z3C74	GBX	174		195487		23022.502775120596		323125.0	
GB00B635TG28	GBX	236		1908092		298.56788876008073		397500.0	
GB00B63H8491	GBX	1589		3441755		4102.541581257236		990666.6666666666	
GB00B63QSB39	GBX	193		31056		1461447.0633693973		58875000.0	
GB00B67G5X01	GBX	166		50040		218046.56274980016		21983333.333333332	
GB00B6XZKY75	GBX	243		87578		135221.1742675101		4413636.363636363	
GB00B6YTLS95	GBX	67		246330		1973.3487597937726		17640.586797066015	
GB00B71N6K86	GBX	129		162366		5188.6848231772665		141363.63636363635	
GB00B7KR2P84	GBX	1089		813615		62599.669376793696		47000000.0	
GB00B7N0K053	GBX	206		400612		5133.445827883338		103917.52577319587	
GB00B7T77214	GBX	1567		2499739		12950.572039720946		792692.3076923077	
GB00B82YXW83	GBX	181		81209		77031.60979694368		11540000.0	
GB00B8C3BL03	GBX	1167		425229		184164.9087903224		11096666.666666666	
GB00B8HX8Z88	GBX	157		109170		45676.4678941101		166947.36842105264	
GB00B8SC6K54	GBX	316		1356507		3423.2038610932345		2142857.1428571427	
GB00B8VZXT93	GBX	135		101033		35896.390288321636		26840000.0	
GB00BBG9VN75	GBX	1102		110607		2387212.3825797644		17142857.14285714	
GB00BCKFY513	GBX	74		865073		276.4795572165586		24736.842105263157	
GB00BCRX1J15	GBX	70		249845		2154.976085172807		15617.40890688259	
GB00BD3VFW73	GBX	228		434601		9273.195413724312		197888.88888888888	
GB00BD45SH49	GBX	130		83568		60120.62033314187		38940000.0	
GB00BD6GN030	GBX	242		294601		13934.932332205253		17090000.0	
GB00BD6K4575	GBX	1666		333973		771328.071430924		4359722.222222222	
GB00BD7XPJ64	GBX	143		432612		2652.8390335913014		8110000.0	
GB00BD8DR117	GBX	164		124106		40188.62907514544		3768750.0	
GB00BD8HBD32	GBX	177		849928		1733.4409502922601		8370000.0	
GB00BDCPN049	EUR	230		29325		34472.1568627451		60693.333333333336	
GB00BDCXV269	GBX	200		554017		4243.967242882439		231568.6274509804	
GB00BDD85M81	GBX	1122		482843		146723.05490604608		63100000.0	
GB00BDFBVT43	GBX	115		44036		166799.89099827415		3195000.0	
GB00BDFGHW41	GBX	267		458741		11931.896211587802		877083.3333333334	
GB00BDHXPG30	GBX	160		191251		12619.80329514617		1096428.5714285714	
GB00BDR05C01	GBX	2311		669379		377844.5992479597		109840000.0	
GB00BDVZYZ77	GBX	1671		1082760		54346.51261590749		1366538.4615384615	
GB00BF044593	GBX	295		361754		15294.813602613931		2088888.888888889	
GB00BF448H58	GBX	200		122314		29049.65907418611		935789.4736842106	
GB00BF4HYT85	GBX	180		34329		571283.7542602464		56900000.0	
GB00BF4JDH58	GBX	172		377970		9140.328597507738		53333.333333333336	
GB00BF5H9P87	GBX	228		86370		166205.8585156883		9350000.0	
GB00BF8Q6K64	GBX	1297		1570716		15010.657559991749		1134687.5	
GB00BFXYH242	GBX	266		229641		19029.441606681732		1112000.0	
GB00BFZNLB60	GBX	147		106928		39457.578931617536		392777.77777777775	
GB00BG11K365	GBX	176		97223		94687.67678430001		4338333.333333333	
GB00BG12Y042	GBX	253		77915		330195.7261117885		51950000.0	
GB00BG49KP99	GBX	832		1453778		12696.120040336282		488444.44444444444	
GB00BGBN7C04	GBX	120		154777		18490.279563501037		25400000.0	
GB00BGDT3G23	GBX	1532		490302		206568.80861183515		13476000.0	
GB00BGJWTR88	GBX	227		161366		205926.89909894278		1688888.888888889	
GB00BGLP8L22	GBX	224		64153		459063.4888469752		25800000.0	
GB00BGXQNP29	GBX	1521		569818		157741.94567388183		59300000.0	
GB00BH3VJ782	GBX	29		4368		120819.59706959708		6170000.0	
GB00BH4HKS39	GBX	2329		4907378		5809.608715692983		1550000.0	
GB00BHJYC057	GBX	1890		103335		8357561.329655973		27070588.23529412	
GB00BHSRZC82	GBX	188		263762		14814.302287668428		770370.3703703703	
GB00BJ0LT190	GBX	181		229697		29603.564696099646		845555.5555555555	
GB00BJ1F4N75	GBX	153		110584		46866.18317297258		17155000.0	
GB00BJ62K685	GBX	154		118150		44955.564959796866		11573333.333333334	
GB00BJFFLV09	GBX	1746		65695		18504781.185782783		702000000.0	
GB00BJHPLV88	GBX	169		132560		29372.963186481593		1533333.3333333333	
GB00BJLP1Y77	GBX	264		969236		4483.26310619911		1264615.3846153845	
GB00BJTNFH41	GBX	134		322857		3561.0812217173548		183936.17021276595	
GB00BJTRSD38	GBX	128		321146		8504.231720152206		2681250.0	
GB00BJVQC708	GBX	132		192026		9366.752418943268		13600000.0	
GB00BK1PKQ95	GBX	195		265439		20002.335753223906		264563.1067961165	
GB00BK7YQK64	GBX	145		1374765		362.97476295948763		82309.52380952382	
GB00BK9RKT01	GBX	715		142319		681930.3817480449		8437500.0	
GB00BKDRYJ47	GBX	581		990817		7713.432450190096		13200000.0	
GB00BKDTK925	GBX	127		151190		14027.647331172697		16940000.0	
GB00BKFB1C65	GBX	1667		2123568		14245.559831378134		138246.26865671642	
GB00BKLXD974	GBX	156		194514		11631.245051770053		233870.96774193548	
GB00BKPG0138	GBX	2		46		457391.3043478261		457391.3043478261	
GB00BKPG0S09	GBX	202		415041		7186.615298247643		42292.26361031519	
GB00BKRC5K31	GBX	145		82101		82573.90287572624		46250000.0	
GB00BKY40Q38	GBX	140		146075		16915.214786924524		17740000.0	
GB00BKZGVH64	GBX	154		107851		98785.36128547719		2313333.3333333335	
GB00BL6K5J42	GBX	28		4453		1220188.6368740175		10421052.631578946	
GB00BL6NGV24	GBX	166		182124		23359.249741934065		316867.4698795181	
GB00BL9YR756	GBX	125		73457		78938.83496467321		15940000.0	
GB00BL9ZF303	GBX	207		314363		12838.66103835375		3936000.0	
GB00BLDRH360	GBX	185		139329		59831.47801247407		548000.0	
GB00BLDYK618	GBX	1771		410819		390668.1531282633		91240000.0	
GB00BLGZ9862	GBX	2149		2115447		28077.83886809738		379246.5753424658	
GB00BLH3CY60	GBX	68		110662		10991.668323363034		18200000.0	
GB00BLJNXL82	GBX	1751		98342		6533648.898741128		41222222.222222224	
GB00BLWDVP51	GBX	213		50131		360337.9146635814		3863636.3636363638	
GB00BLWDVR75	GBX	229		626840		3066.013655797333		28965.51724137931	
GB00BLY2F708	GBX	135		723610		775.2311327925264		7081.1744386873925	
GB00BM8Q5M07	GBX	1443		2012278		9592.732713869555		561041.6666666666	
GB00BMBVGQ36	GBX	173		157196		43574.1367464821		7960000.0	
GB00BMH18Q19	GBX	181		87793		91914.61733851218		45760000.0	
GB00BMJ6DW54	GBX	1400		597421		126729.86051712277		54020000.0	
GB00BMMV6B79	GBX	366		96174		331115.4781957702		2505714.285714286	
GB00BMT9K014	GBX	67		79661		18492.11031747028		764827.5862068966	
GB00BMTS0Z37	GBX	140		70029		80842.93649773665		294890.5109489051	
GB00BMTV7393	GBX	140		494938		2416.0197842962148		96333.33333333333	
GB00BMVQDZ64	GBX	187		45905		339795.2292778564		80900000.0	
GB00BMX64W89	GBX	152		179508		20386.835127125254		114245.28301886792	
GB00BMXWN182	GBX	250		605360		4357.093299854632		13508.114856429464	
GB00BN0SMB92	GBX	261		285238		19319.235165020087		7066666.666666667	
GB00BN44P254	GBX	258		234421		12883.018159635869		412068.9655172414	
GB00BN4NDR39	GBX	105		296498		3597.7308447274518		1012000.0	
GB00BN7CG237	GBX	60		7629		609702.4511731551		1953658.536585366	
GB00BNC5T391	GBX	129		334029		4309.715623493768		11270000.0	
GB00BND88V85	GBX	186		166338		32478.146905698035		14500000.0	
GB00BNG2M159	GBX	209		321056		16535.277334795177		5110000.0	
GB00BNK9TP58	GBX	122		198661		8100.180709852462		482142.85714285716	
GB00BNKVP754	GBX	81		184943		4733.847726056136		5410000.0	
GB00BNLPYF73	GBX	172		240931		15972.830395424417		22600000.0	
GB00BNNTLN49	GBX	1462		496130		298600.1652792615		25575000.0	
GB00BNR4T868	GBX	151		66030		129901.5598970165		1125490.1960784313	
GB00BNR5MZ78	GBX	1190		1841345		7799.627446241741		4056666.6666666665	
GB00BNYK8G86	GBX	437		216235		98057.34501815155		49760000.0	
GB00BP37WF17	GBX	165		133288		34147.485144949285		117372.8813559322	
GB00BP6MXD84	EUR	34		1700		44000.0		44000.0	
GB00BP6MXD84	GBX	3223		798858		741668.0311144158		32240000.0	
GB00BRB37M78	GBX	106		44520		119382.30008984725		1859259.2592592593	
GB00BRS65X63	GBX	139		145703		25887.31872370507		2116923.076923077	
GB00BV9FP302	GBX	104		12917		2023380.0418053728		83733333.33333333	
GB00BVFNZH21	GBX	162		179479		25562.656355339623		28640000.0	
GB00BVGBWW93	GBX	229		1290144		1087.6537812833296		510833.3333333333	
GB00BVYVFW23	GBX	1518		588447		162699.17256779285		4491428.571428572	
GB00BWFGQN14	GBX	1206		27254		50193347.76546562		229900000.0	
GB00BWXC7Y93	GBX	240		269345		23470.084835434107		806060.6060606061	
GB00BY2Z0H74	GBX	91		97564		18447.378131277932		824166.6666666666	
GB00BY7QYJ50	GBX	222		78502		173493.66895110952		62000000.0	
GB00BY9D0Y18	GBX	957		933828		26400.08652557002		12940000.0	
GB00BYM1K758	GBX	142		138070		22720.359238067645		10975000.0	
GB00BYM8GJ06	GBX	94		73204		41156.76738976012		1682105.2631578948	
GB00BYN59130	GBX	163		123706		45602.153492959114		6988000.0	
GB00BYPHNG03	GBX	199		266017		20313.739347485312		398823.5294117647	
GB00BYQ0JC66	GBX	790		294859		106518.50545514975		19705000.0	
GB00BYQ46T41	GBX	218		518118		5708.815366383719		10985.46042003231	
GB00BYQB9V88	GBX	311		262080		22942.15506715507		2785714.285714286	
GB00BYRJ5J14	GBX	256		975488		3479.6020043301405		6640000.0	
GB00BYT18307	GBX	147		31130		465602.31288146484		35466666.666666664	
GB00BYT1DJ19	GBX	1486		194670		1099904.4536908614		13336363.636363637	
GB00BYW0PQ60	GBX	1706		514479		238215.51511334768		74040000.0	
GB00BYWVDP49	GBX	119		125761		18327.939504297836		19420000.0	
GB00BYX7JT74	GBX	263		720983		3956.6536242879515		130238.09523809524	
GB00BYXJC278	GBX	112		164400		11042.822384428224		8115000.0	
GB00BYYTFB60	GBX	224		118363		116676.66416025278		62600000.0	
GB00BYYW3C20	GBX	118		143304		17395.1878523977		472222.22222222225	
GB00BYZDVK82	GBX	215		53176		600697.6831653378		156100000.0	
GB00BYZN9041	GBX	764		76845		2280229.032467955		232000000.0	
GB00BZ0D6727	GBX	87		18770		613052.7437400107		135100000.0	
GB00BZ4BQC70	GBX	791		100737		1376954.3464665415		35260000.0	
GB00BZ6STL67	GBX	159		487210		2801.67689497342		2180000.0	
GB00BZCNLL95	GBX	216		288600		12610.53361053361		1718000.0	
GG00B1NP5142	GBX	241		22942		3800061.0234504403		62333333.333333336	
GG00B1W3VF54	GBX	219		599699		4405.076546734278		12000000.0	
GG00B1Z5FH87	GBX	35		11893		390532.2458589086		2206666.6666666665	
GG00B3KX4Q34	GBX	8		25856		2691.831683168317		2691.831683168317	
GG00B4L0PD47	GBX	278		61257		286589.28775486886		5745454.545454546	
GG00B4ZPCJ00	GBX	254		938373		2872.9513743468747		125714.28571428571	
GG00B8P59C08	GBX	181		199712		14574.186829033808		4040000.0	
GG00BBHX2H91	GBX	295		1556039		2478.048429377413		9325.762952448546	
GG00BBHXCL35	GBX	184		212251		50535.450951938976		691764.7058823529	
GG00BFYT9H72	GBX	160		405213		4070.9947607801328		66410.2564102564	
GG00BGJYPP46	GBX	136		293056		7156.311421707796		15400000.0	
GG00BJL5FH87	GBX	157		421282		4094.1697010553503		133493.97590361445	
GG00BPFJTF46	GBX	514		100867		1271431.6872713573		10583333.333333334	
GG00BR30MJ80	GBX	154		44143		789241.7823890537		7000000.0	
GG00BV54HY67	GBX	164		541092		3016.8252348953597		9696.969696969696	
GG00BYV2ZQ34	GBX	177		371924		3838.3110527957324		43934.42622950819	
GG00BYXVT888	GBX	190		141377		64659.03223296576		1215853.6585365853	
GI000A0F6407	GBX	126		149486		16616.94071685643		599090.9090909091	
IE0001827041	GBX	958		87980		3287929.074789725		33333333.333333332	
IE0002424939	GBX	1363		65377		11518943.971121343		551800000.0	
IE0003864109	GBX	106		225821		5723.60409350769		92748.09160305343	
IE0004906560	EUR	164		8833		182657.0813992981		506250.0	
IE0005042456	GBX	27		27972		66153.29615329615		1396000.0	
IE0008471009	EUR	34		37400		3336.1898395721923		3418.6363636363635	
IE0031442068	EUR	38		64600		2314.504643962848		2328.529411764706	
IE0031442068	GBX	14		8918		509620.9912536443		512755.905511811	
IE0032077012	EUR	69		27600		77593.84057971014		78162.5	
IE00B00FV128	GBX	12		7505		294254.49700199865		488421.05263157893	
IE00B00MZ448	GBX	261		90589		290793.58421000344		6740000.0	
IE00B010DT83	GBX	150		208912		13135.77008501187		222650.60240963855	
IE00B02KXH56	EUR	49		171500		402.2857142857143		404.62857142857143	
IE00B0M63060	GBX	52		31569		109189.71142576578		750000.0	
IE00B0M63177	GBX	16		9851		534443.2037356613		556408.0944350759	
IE00B1FZS350	GBX	3		1071		587254.9019607843		588235.2941176471	
IE00B1RR8406	GBX	1663		150059		3406993.915726481		33811111.11111111	
IE00B1TXLS18	GBX	44		17997		123081.06906706674		879629.6296296297	
IE00B1XNH568	EUR	34		629000		73.75612082670906		76.2054054054054	
IE00B3XXRP09	USD	141		55310		19944.783945037063		953625.0	
IE00B3ZW0K18	EUR	12		1128		99973.40425531915		100159.5744680851	
IE00B42TW061	GBX	7		2079		2341462.2414622414		2356418.918918919	
IE00B42Z5J44	EUR	26		4030		35643.67245657568		35903.22580645161	
IE00B441G979	EUR	5		620		56680.645161290326		56725.8064516129	
IE00B44Z5B48	USD	13		770		305036.36363636365		342339.62264150946	
IE00B4L5Y983	GBX	4		1364		1777565.982404692		1786176.4705882352	
IE00B53SZB19	EUR	69		13800		358426.0869565217		361000.0	
IE00B5BMR087	EUR	69		13800		201500.0		202900.0	
IE00B5BMR087	GBX	12		512		77990234.375		111050000.0	
IE00B5BMR087	USD	143		8594		683921.2241098441		7280000.0	
IE00BD1RP616	EUR	76		50542		820.0466938387875		4061.654135338346	
IE00BDC5DG00	GBX	219		102153		88587.7066752812		2618750.0	
IE00BKM4GZ66	GBX	8		3512		558997.7220956719		669021.7391304348	
IE00BMW3QX54	EUR	55		122715		929.238479403496		4904.481132075472	
IE00BWT6H894	GBX	1851		73185		20591438.1362301		164760000.0	
IE00BWY4ZF18	GBX	204		480710		4073.953111023278		486500.0	
IE00BZ12WP82	EUR	104		5076		458109.732072498		5078000.0	
IL0010849045	GBX	168		493335		1531.7684737551563		558750.0	
IL0011284465	GBX	223		56837		514679.69808399456		65950000.0	
IM00B5VQMV65	GBX	1502		238201		946864.8326413407		38662500.0	
IM00B7S9G985	GBX	213		103497		118946.92599785501		59700000.0	
IT0003128367	EUR	1		85		6752.941176470588		6752.941176470588	
JE00B248KJ21	GBX	137		76437		67094.46995564975		3150000.0	
JE00B4T3BW64	GBX	3189		2460134		58936.39330215346		5803125.0	
JE00B55Q3P39	GBX	211		271218		11314.73574762737		1620000.0	
JE00B5TT1872	GBX	227		578467		3982.7008282235633		2037000.0	
JE00B6173J15	GBX	188		659842		3015.631014697458		10640000.0	
JE00B6T5S470	GBX	19		13227		29612.534966356696		97692.30769230769	
JE00B8KF9B49	GBX	1969		588693		311040.3554993859		15820000.0	
JE00BF5FX167	GBX	281		412366		21968.712260467644		511904.7619047619	
JE00BJ1DLW90	GBX	808		1037747		14257.318980445138		115468.75	
JE00BJVNSS43	GBX	1862		59481		34771288.31055295		92500000.0	
JE00BMDZN391	GBX	111		192034		6252.798983513336		11320000.0	
JE00BN574F90	GBX	837		43143		5122541.316088357		32562500.0	
JE00BVRZ8S85	GBX	296		493122		54644.08401977604		91100000.0	
JE00BYVQYS01	GBX	191		240037		19203.539454334124		25040000.0	
KYG9361H1092	GBX	207		79645		186856.67650197752		74700000.0	
LI0315487269	CHF	127		5499		214326.24113475176		9500000.0	
LI0355147575	CHF	73		6580		58829.78723404255		71866.66666666667	
LU0252633754	EUR	98		68456		17685.637489774454		19961.22778675283	
LU0252634307	EUR	65		51425		12254.584346135149		42631.11111111111	
LU0274211480	EUR	65		45490		18071.488239173446		18448.571428571428	
LU0292106241	EUR	34		161549		335.2815554413831		1450.909090909091	
LU0378438732	EUR	12		864		153523.14814814815		156416.66666666666	
LU0380865021	EUR	34		23800		7996.680672268908		8187.142857142857	
LU0411075020	EUR	44		1625077		4.969401449900528		1171.7948717948718	
LU0411075376	EUR	33		25921		13533.274179236912		32404.98442367601	
LU0490618542	USD	60		43358		11411.965496563495		24644.776119402984	
LU0603940916	EUR	6		3498		2866.3807890222984		2890.909090909091	
LU0775917882	EUR	16		2368		12162.162162162162		12162.162162162162	
LU1072616219	GBX	1607		727298		131033.49658599363		4005333.3333333335	
LU1598757687	EUR	34		952		67535.71428571429		67535.71428571429	
LU1829219390	EUR	14		2800		41305.0		42175.0	
LU1834983550	EUR	22		2068		102252.99806576403		104198.93617021276	
LU1834988278	EUR	28		5292		24196.485260770976		24488.359788359787	
LU2197908721	EUR	16		1072		196791.0447761194		196835.8208955224	
NL0000009165	EUR	2		18		934000.0		934000.0	
NL0000009827	EUR	1		5		3216000.0		3216000.0	
NL0006237562	EUR	34		714		150000.0		150000.0	
NL0009767532	EUR	5		1500		19000.0		19000.0	
NL0010273215	EUR	27		2916		490740.74074074073		490740.74074074073	
NL0010937058	EUR	17		17000		1930.0		1930.0	
NL0011832936	CHF	183		13385		76979.45461337318		5800000.0	
NL0012015705	GBX	54		8028		1629191.5794718484		5360227.2727272725	
NL0012650360	GBX	121		11357		2674931.7601479264		252600000.0	
NO0003054108	NOK	1		38		577631.5789473684		577631.5789473684	
NO0005668905	NOK	29		580		1900000.0		1900000.0	
SE0000106270	SEK	2		21		1314000.0		1706500.0	
SE0000108656	SEK	66		1650		260200.0		368947.36842105264	
SE0000112724	SEK	2		14		2201428.5714285714		2206428.5714285714	
SE0000148884	SEK	1		10		1004000.0		1004000.0	
SE0000170375	SEK	13		117		1359316.2393162393		1386111.111111111	
SE0000242455	SEK	1		7		2013428.5714285714		2013428.5714285714	
SE0000667925	SEK	1		31		110806.45161290323		110806.45161290323	
SE0000825820	SEK	1		5		7784000.0		7784000.0	
SE0000872095	SEK	2		138		268478.26086956525		3058333.3333333335	
SE0000936478	SEK	1		5		4434000.0		4434000.0	
SE0001342395	SEK	33		13200		135066.66666666666		138925.0	
SE0003051010	SEK	37		6607		610700.7719085818		112600000.0	
SE0005466505	SEK	33		425700		129.22386657270377		131.45736434108528	
SE0005466513	SEK	33		257400		351.82789432789434		356.34615384615387	
SE0007100599	SEK	18		3762		40669.85645933014		40669.85645933014	
SE0011337708	SEK	2		12		2715833.3333333335		2724166.6666666665	
SE0015658109	SEK	1		6		2932500.0		2932500.0	
SE0015961909	SEK	18		2052		99122.80701754386		99122.80701754386	
SG9999003735	GBX	127		6307		7292452.8301886795		368000000.0	
US01609W1027	EUR	320		20080		145799.80079681275		237250.0	
US7594701077	USD	145		44034		19940.386973702138		472307.6923076923	
US7960502018	USD	3		16		25012500.0		133400000.0	
US7960508882	USD	45		243		21271604.938271604		73000000.0	
US8565522039	USD	13		1673		46186.49133293485		126170.21276595745	
US88160R1014	EUR	34		340		5149000.0		5149000.0	
USY5217N1183	USD	20		2709		16378.737541528239		147333.33333333334	
ZAE000255360	GBX	118		461714		1548.3719358737228		7283.511269276394	
AT0000746409	EUR		1		6		1410000.0		1410000.0
AT0000A18XM4	CHF		319		197561		2247.154043561229		944.636678200692
AT0000BAWAG2	EUR		12		132		529090.9090909091		529090.9090909091
AT0000KTMI02	CHF		243		12179		157803.59635438048		105405.4054054054
AU000000BHP4	GBX		455		186578		669609.2250962064		185135.13513513515
AU000000S320	GBX		422		438118		27491.680323565797		14175.0
BE0003678894	EUR		41		42000		4642.619047619048		1902.0
BE0003816338	EUR		34		4386		7937.984496124031		7937.984496124031
BMG3682E1921	NOK		72		68000		8542.558823529413		3941.0
BMG4209G2077	GBX		205		242373		18480.60633816473		9802.116889093419
BMG4593F1389	GBX		146		60037		205047.5540083615		148848.92086330935
BMG5361W1047	GBX		265		179929		56071.33925048213		30446.066504460665
BMG702782084	GBX		299		612785		5442.528782525682		2520.4200700116685
CA0679011084	EUR		68		8398		19838.056680161942		10593.22033898305
CH0000816824	CHF		297		148126		1491.6388750118142		848.3009708737864
CH0001752309	CHF		232		1518		16834980.23715415		13350000.0
CH0002088976	CHF		317		10421		547740.1401017177		411500.0
CH0002178181	CHF		225		36615		22852.874504984295		6218.0579216354345
CH0002432174	CHF		236		3190		2704326.0188087774		2063333.3333333333
CH0002497458	CHF		1265		2861		111709681.92939532		30837500.0
CH0003541510	CHF		289		1704		26734624.41314554		21857142.85714286
CH0003671440	CHF		301		10120		459602.76679841895		268421.05263157893
CH0005795668	CHF		316		3576515		2.8203991874771948		1.2947633342430032
CH0006372897	CHF		257		851		96713278.49588719		61800000.0
CH0008012236	CHF		257		1187		32050884.58298231		24333333.333333332
CH0008038389	CHF		349		24228		130255.48951626217		71190.47619047618
CH0008742519	CHF		956		10678		4957690.578760067		1368000.0
CH0008837566	CHF		234		6594		698589.626933576		274929.57746478874
CH0009002962	CHF		741		2860		55056293.70629371		20980000.0
CH0009236461	CHF		3		108		179444.44444444444		179444.44444444444
CH0009691608	CHF		196		3822		1083948.1946624804		750000.0
CH0010570759	CHF		242		242		10031776859.504131		9860000000.0
CH0010570767	CHF		332		783		430948275.86206895		239500000.0
CH0010645932	CHF		1144		1708		258199063.23185012		75720000.0
CH0010675863	CHF		399		20387		300039.2406925982		185866.66666666666
CH0010702154	CHF		262		6273		936177.2676550295		803703.7037037037
CH0010754924	CHF		267		1392		22004166.666666668		13575000.0
CH0011029946	CHF		215		1454		15196492.434662998		12362500.0
CH0011075394	CHF		1277		23489		2184531.4828217463		390792.0792079208
CH0011108872	CHF		228		4786		1451546.1763476806		1202000.0
CH0011339204	CHF		195		79393		2458.6298540173566		1688.3561643835617
CH0011432447	CHF		117		18555		22271.409323632444		17410.0
CH0011484067	CHF		202		2310		4009372.2943722946		3125000.0
CH0011693600	CHF		175		2252		3191962.69982238		2716666.6666666665
CH0011795959	CHF		313		4143		3704026.0680666184		3073333.3333333335
CH0012005267	CHF		2503		218018		91628.6499279876		25610.0
CH0012032048	CHF		2435		51874		1612369.395072676		349114.5833333333
CH0012032113	CHF		455		21833		797721.7972793478		108378.37837837837
CH0012100191	CHF		336		6066		2202014.507088691		1540000.0
CH0012138530	CHF		1826		3960844		348.47673879607476		22.649246614533663
CH0012138605	CHF		486		53504		38213.516746411486		19455.0
CH0012142631	CHF		324		116438		4398.143217849843		3005.0
CH0012214059	CHF		1524		130952		52247.472356283215		8893.004115226337
CH0012221716	CHF		1256		303389		12191.2857750281		3860.0
CH0012255144	CHF		400		39020		55601.588928754485		10832.183908045978
CH0012255151	CHF		767		17001		1155020.2929239457		477600.0
CH0012268360	CHF		196		278059		232.00831478211458		171.21046892039257
CH0012280076	CHF		236		1534		22579791.39504563		13635000.0
CH0012335540	CHF		225		16504		89039.02084343189		47794.117647058825
CH0012410517	CHF		342		20434		241394.7342664187		190400.0
CH0012453913	CHF		227		18121		99573.4231002704		76660.0
CH0012530207	CHF		322		7110		2490520.393811533		1452631.5789473683
CH0012549785	CHF		315		7152		1518166.9463087248		454383.5616438356
CH0012627250	CHF		378		20422		544292.9194006464		132500.0
CH0012684657	CHF		293		12142		187714.5445560863		97987.01298701299
CH0012829898	CHF		207		1354		16382644.017725259		8214285.714285715
CH0013841017	CHF		1005		9882		6329467.719085205		2038000.0
CH0014284498	CHF		252		2054		9127604.673807206		6750000.0
CH0014786500	CHF		289		17203		160161.01842701854		74078.94736842105
CH0014852781	CHF		964		10116		5052123.368920522		1482285.7142857143
CH0016440353	CHF		250		2151		9849697.814969782		8390000.0
CH0017875789	CHF		215		8248		362689.13676042674		172222.22222222222
CH0018294154	CHF		252		17013		178722.74143302182		50458.333333333336
CH0019107025	CHF		108		2081		955876.9822200865		536363.6363636364
CH0019396990	CHF		212		8515		385024.07516147976		363200.0
CH0021218067	CHF		116		3092271		0.46353634594121923		0.2577286865993779
CH0022268228	CHF		276		139562		1254.2310944239837		646.1864406779661
CH0022427626	CHF		214		892		50392376.68161435		41000000.0
CH0023405456	CHF		317		50226		22729.681838091827		17548.71794871795
CH0023868554	CHF		305		70045		10812.077949889357		7078.481012658228
CH0024590272	CHF		341		10920		762522.8937728938		550000.0
CH0024608827	CHF		1079		4220		28517547.39336493		7223333.333333333
CH0024638196	CHF		207		6807		623591.8907007492		335666.6666666667
CH0024638212	CHF		291		11992		484792.3615743829		390200.0
CH0025238863	CHF		216		6355		891513.768686074		516400.0
CH0025343259	CHF		98		3771		260851.23309466985		166949.15254237287
CH0025536027	CHF		285		3813		3399842.643587726		2328947.3684210526
CH0025751329	CHF		1230		87504		97857.51508502469		33200.0
CH0028422100	CHF		196		20659		35349.72651144779		22298.13664596273
CH0030170408	CHF		994		6090		9813415.435139572		2325600.0
CH0030380734	CHF		341		28989		99445.99675739073		37800.0
CH0030486770	CHF		289		6304		1324405.1395939086		1128000.0
CH0033361673	CHF		321		18544		110993.85245901639		59242.42424242424
CH0038388911	CHF		43		3238		87191.1673872761		78433.73493975903
CH0038389992	CHF		312		49565		43448.60284474932		18863.636363636364
CH0038863350	CHF		1917		160481		140876.2034134882		38640.0
CH0039821084	CHF		201		760		51517105.2631579		47875000.0
CH0042615283	CHF		195		11277		236814.75569743727		147333.33333333334
CH0043238366	CHF		257		1009547		21.229670337289893		11.481429176669963
CH0100191136	CHF		9		303295		0.16881254224434955		0.14821773393872972
CH0100837282	CHF		255		5776		929787.0498614958		703448.275862069
CH0102484968	CHF		210		25990		39622.93189688342		23715.0
CH0102659627	CHF		183		531558		34.9545110787534		17.337729954876778
CH0108503795	CHF		750		11109358		2.7965990473976983		0.6146527879848742
CH0110240600	CHF		353		88451		7315.304518886163		4405.940594059406
CH0111677362	CHF		300		12498		206561.04976796286		126176.4705882353
CH0118530366	CHF		414		26900		82883.27137546468		12209.567198177676
CH0126639464	CHF		18		112		776071.4285714285		109318.18181818182
CH0126673539	CHF		281		18532		122051.586445068		94397.59036144578
CH0126881561	CHF		1423		95758		118986.31968086217		21597.989949748742
CH0127480363	CHF		235		7070		420267.3267326733		265319.1489361702
CH0130293662	CHF		363		35009		114469.42214859037		80740.74074074074
CH0190891181	CHF		264		18189		87209.85210841718		52272.72727272727
CH0198251305	GBX		1306		202949		1018302.1350191428		438150.28901734104
CH0210483332	CHF		1374		101569		150888.21392353968		43785.31073446327
CH0212255803	CHF		285		17083		105597.96288708072		58100.0
CH0225173167	CHF		417		46376		55551.6862170088		34536.0824742268
CH0238627142	CHF		355		10654		723657.7811150742		269620.253164557
CH0239229302	CHF		352		13893		315746.7789534298		198135.59322033898
CH0239518779	CHF		157		6214		261435.46829739297		160000.0
CH0244017502	CHF		281		2006		13445463.609172482		11637500.0
CH0244767585	CHF		1194		609212		3017.770496969856		808.0
CH0256379097	CHF		353		67351		12939.748481833974		7475.0
CH0273774791	CHF		202		1923		6667550.702028081		2351851.8518518517
CH0276534614	CHF		237		11661		153251.00763227855		95256.41025641025
CH0276837694	CHF		260		78878		4507.239027358706		1953.147877013177
CH0311864901	CHF		286		5958		1459516.6163141993		977333.3333333334
CH0314029270	CHF		3		2142		72.92250233426704		28.932261768082665
CH0315966322	CHF		277		4761		1603371.1405166981		1126086.956521739
CH0319416936	CHF		324		16083		315492.756326556		195512.8205128205
CH0346177709	CHF		18		85918		24.79107986684979		7.833333333333333
CH0360674466	CHF		396		34637		73802.43670063805		62300.0
CH0360826991	CHF		352		13201		712025.6041208999		311956.52173913043
CH0363463438	CHF		267		77910		6156.565267616481		4415.0
CH0364749348	CHF		200		14706		222984.49612403102		34735.16949152543
CH0371153492	CHF		289		25563		68928.72511051128		34303.030303030304
CH0386200239	CHF		165		5515		420924.75067996373		231666.66666666666
CH0406705126	CHF		212		11755		172324.1173968524		151612.90322580645
CH0418792922	CHF		1159		28478		1218408.2449610226		376883.1168831169
CH0432492467	CHF		1194		106598		78223.92540197753		11847.672778561355
CH0435377954	CHF		326		112307		5919.239228187023		4980.392156862745
CH0453226893	CHF		239		31661		12773.285745870313		4783.861671469741
CH0466642201	CHF		378		27440		146498.54227405248		101500.0
CH0468525222	CHF		155		5018		339079.3144679155		205283.01886792452
CH0496451508	CHF		268		86734		3548.781331427122		1529.4117647058824
CH0528751586	CHF		282		12279		189634.33504357032		108493.1506849315
CH0530235594	CHF		197		16486		50561.99199320636		30729.92700729927
CH0531751755	CHF		310		69737		34458.32198115778		7947.454844006568
CH0582581713	CHF		142		5629		541375.022206431		315068.4931506849
CH1101098163	CHF		292		4435		3243100.3382187146		2357500.0
DE0002635273	EUR		24		11016		3870.1888162672476		3805.664488017429
DE0002635307	EUR		34		408		383333.3333333333		383333.3333333333
DE0005140008	EUR		4		45		81751.11111111111		70738.46153846153
DE0005190003	EUR		3		15		1459200.0		1452600.0
DE0005408116	EUR		34		238		454857.14285714284		454857.14285714284
DE0005785802	EUR		66		1320		335500.0		248214.2857142857
DE0005909006	EUR		68		782		327826.0869565217		260000.0
DE0005933923	EUR		10		330		770530.303030303		770454.5454545454
DE0005933931	EUR		35		23814		16503.401360544216		15871.42857142857
DE0005933972	EUR		36		1350		89760.0		67241.37931034483
DE0006048432	EUR		34		612		472222.22222222225		472222.22222222225
DE0006202005	EUR		33		198		716666.6666666666		716666.6666666666
DE0006231004	EUR		34		1938		61964.912280701756		61964.912280701756
DE0007100000	EUR		33		4026		63114.75409836065		63114.75409836065
DE0007164600	EUR		136		9962		170409.55631399318		70175.43859649122
DE0007236101	EUR		34		2176		250000.0		250000.0
DE0007500001	EUR		84		28970		3377.7010700724886		1671.0353866317168
DE0007664039	EUR		66		5742		221264.36781609195		151515.15151515152
DE0008232125	EUR		35		6236		3939.5926876202693		3776.595744680851
DE0008402215	EUR		35		1845		390579.945799458		130090.09009009009
DE0008404005	EUR		34		170		4860000.0		4860000.0
DE0008430026	EUR		34		986		993103.448275862		993103.448275862
DE000A0LD2U1	EUR		34		272		243500.0		243500.0
DE000A1EWWW0	EUR		16		752		595744.6808510638		595744.6808510638
DE000A1ML7J1	EUR		68		2924		130813.95348837209		72368.42105263157
DE000BASF111	EUR		67		4245		114930.03533568904		99305.55555555556
DE000BAY0017	EUR		166		27693		39257.57411620265		3174.6031746031745
DE000ENAG999	EUR		68		5746		14857.988165680474		7980.891719745223
DE000ENER6Y0	EUR		34		10676		8280.254777070064		8280.254777070064
DE000ETFL011	EUR		33		23100		16995.238095238095		16811.428571428572
DE000EVNK013	EUR		34		4250		24000.0		24000.0
DE000KSAG888	EUR		34		2890		30823.529411764706		30823.529411764706
DE000PAH0038	EUR		68		1768		371153.8461538461		250000.0
DE000SHL1006	EUR		34		646		310526.3157894737		310526.3157894737
DE000SYM9999	EUR		34		578		838823.5294117647		838823.5294117647
DE000TUAG000	EUR		34		15742		643.6285097192225		643.6285097192225
DE000TUAG000	GBX		221		385492		11343.750324260944		8120.300751879699
DK0015250344	DKK		7		492		15186.991869918698		15042.25352112676
DK0060227585	DKK		1		5		9688000.0		9688000.0
DK0060534915	DKK		1		5		13984000.0		13984000.0
DK0060952919	DKK		6		30		8100000.0		8100000.0
ES0105066007	EUR		1		5		829200.0		829200.0
ES0105546008	EUR		34		3536		1634.6153846153845		1634.6153846153845
ES0113211835	EUR		34		782		28217.391304347828		28217.391304347828
ES0113900J37	EUR		102		9860		3879.310344827586		1884.4221105527638
ES0116870314	EUR		1		5		459200.0		459200.0
ES0121975009	EUR		16		80		694000.0		694000.0
ES0132945017	EUR		2		125		2536.0		2481.25
ES0140609019	EUR		1		36		7488.888888888889		7488.888888888889
ES0143416115	EUR		8		50		276460.0		242214.2857142857
ES0144580Y14	EUR		34		714		50000.0		50000.0
ES0157097017	EUR		3		27		122185.18518518518		120888.88888888889
ES0165386014	EUR		3		18		271777.77777777775		270416.6666666667
ES0167050915	EUR		34		170		506000.0		506000.0
ES0171996087	EUR		1		6		266083.3333333333		266083.3333333333
ES0171996095	EUR		10		90		115777.77777777778		114888.88888888889
ES0173093024	EUR		1		6		286916.6666666667		286916.6666666667
ES0173516115	EUR		68		1224		73694.44444444444		58090.90909090909
ES0177542018	EUR		34		2380		2871.4285714285716		2871.4285714285716
ES0177542018	GBX		2132		4181787		6445.616670576478		1285.8472035562907
ES0178430E18	EUR		2		86		9290.697674418605		9290.697674418605
FI0009000681	EUR		1		34		12970.588235294117		12970.588235294117
FI0009005318	EUR		1		7		205000.0		205000.0
FI4000297767	EUR		1		11		80245.45454545454		80245.45454545454
FO0000000179	NOK		16		1614		554287.4845105328		550693.0693069306
FR0000073272	EUR		34		340		1259000.0		1259000.0
FR0000120172	EUR		34		1530		51111.11111111111		51111.11111111111
FR0000120271	EUR		34		578		323529.4117647059		323529.4117647059
FR0000120503	EUR		34		918		128703.70370370371		128703.70370370371
FR0000120578	EUR		34		306		1058888.888888889		1058888.888888889
FR0000121667	EUR		34		170		3760000.0		3760000.0
FR0000121972	EUR		34		1122		450060.6060606061		450060.6060606061
FR0000125007	EUR		34		918		250000.0		250000.0
FR0000125338	EUR		34		544		1343750.0		1343750.0
FR0007054358	EUR		68		74800		3274.485294117647		3226.818181818182
FR0010010827	EUR		33		376200		196.0207336523126		192.76315789473685
FR0010342592	EUR		6		72		5788611.111111111		5663333.333333333
FR0010361683	EUR		24		9408		5709.725765306122		5670.918367346939
FR0010405431	EUR		6		52722		9.94461515117029		9.866848753840902
FR0010446146	EUR		34		846600		44.76801322938814		43.44578313253012
FR0010446658	EUR		34		1237600		18.218810601163543		17.607142857142858
FR0010446666	EUR		34		7245400		0.6362768101140034		0.5991553261379634
FR0010468983	EUR		68		95200		2021.8697478991596		1959.2857142857142
FR0010655712	EUR		25		825		734472.7272727273		728636.3636363636
FR0010869495	EUR		33		1584000		3.9549747474747474		3.8033333333333332
GB0000066554	GBX		289		85648		415393.23743695125		302000.0
GB0000197722	GBX		202		129957		107503.2510753557		85359.80148883375
GB0000385517	GBX		104		32728		288245.5389880225		174031.00775193798
GB0000456144	GBX		1630		248932		1010451.8503045008		430857.14285714284
GB0000485838	GBX		220		68108		260029.65877723615		40700.0
GB0000536739	GBX		2031		129072		7384577.60009917		2290000.0
GB0000667013	GBX		165		30198		659583.4161202728		298477.15736040607
GB0000811801	GBX		1492		725301		114792.17593798989		47094.339622641506
GB0000904986	GBX		459		38264		3245849.8850094085		1461538.4615384615
GB0000961622	GBX		154		146379		23440.52083973794		10647.48201438849
GB0001048619	GBX		96		367267		2394.089313769002		1641.2429378531074
GB0001367019	GBX		2016		995772		96435.34865410958		42585.27827648115
GB0001500809	GBX		271		1278350		1239.4289513826418		324.41832573758694
GB0001638955	GBX		121		33732		284980.1375548441		132656.5143824027
GB0001639920	GBX		227		17993		4148029.7893625298		2272727.272727273
GB0001740025	GBX		215		91298		116358.51825888848		43894.83065953654
GB0001765816	GBX		252		192789		36006.2036734461		16164.302600472813
GB0001826634	GBX		223		34511		1663498.5946509808		1336507.9365079366
GB0001859296	GBX		175		68378		243077.89054959198		56766.05504587156
GB0001990497	GBX		290		440378		25308.257905708277		21657.14285714286
GB0002018363	GBX		219		16086		4216741.2656968795		2039735.0993377483
GB0002074580	GBX		189		19607		3051563.2172183404		1991082.8025477708
GB0002148343	GBX		187		22814		1283501.358814763		518394.64882943145
GB0002162385	GBX		1502		1243218		48231.20321616965		9861.811800833517
GB0002318888	GBX		131		10599		4036909.142371922		2274125.874125874
GB0002374006	GBX		2207		287869		2713527.3336135536		761052.6315789474
GB0002395811	GBX		210		31959		1180756.5943865578		427817.74580335733
GB0002405495	GBX		1446		100935		4182015.1582701737		1535828.8770053475
GB0002418548	GBX		148		263814		6004.7988355432235		2409.8585120949338
GB0002634946	GBX		2045		1321254		109561.96159103398		6647.2303206997085
GB0002652740	GBX		218		31475		1974786.3383637809		1287443.946188341
GB0002869419	GBX		183		45997		535458.8342718004		368698.06094182824
GB0002875804	GBX		2594		407096		2020642.059858117		241995.6927494616
GB0002945029	GBX		216		186771		53592.36712337568		45113.52418558736
GB0003052338	GBX		290		222757		76739.22705010393		58000.0
GB0003096442	GBX		1394		417539		304593.46312560025		69318.18181818182
GB0003308607	GBX		236		33028		1775448.1046384885		1267187.5
GB0003385308	GBX		209		30485		2117746.432671806		646000.0
GB0003395000	GBX		131		51907		109611.42042499085		39391.14391143912
GB0003450359	GBX		243		71260		259232.38843671064		121555.91572123177
GB0003452173	GBX		228		403214		5368.960403160605		1842.9455198563162
GB0003466074	GBX		71		27241		210524.57692448882		140316.9014084507
GB0003718474	GBX		167		9861		11719450.360004056		7700000.0
GB0003753778	GBX		98		8285		611134.5805672903		256084.65608465608
GB0004052071	GBX		1578		208589		1786459.9763170637		639024.3902439025
GB0004082847	GBX		2393		1691092		69694.28629548245		6687.565308254963
GB0004161021	GBX		236		676885		4058.2373667609713		2078.81417208966
GB0004220025	GBX		218		55176		855694.5048571842		229052.63157894736
GB0004228648	GBX		146		23180		1123787.7480586714		671482.8897338404
GB0004270301	GBX		163		31562		665046.5749952474		343869.2098092643
GB0004478896	GBX		242		159863		34385.37998160925		10456.273764258554
GB0004544929	GBX		1563		366641		665397.2141686282		163427.56183745584
GB0004657408	GBX		231		822181		1353.2239251454364		478.0
GB0004726096	GBX		177		229241		17314.093028733954		10687.169629985583
GB0004866223	GBX		177		37387		348035.413378982		114128.7284144427
GB0004915632	GBX		249		734057		3038.1019457617053		853.5132989281461
GB0005405286	GBX		3327		3229622		50295.38441340813		6347.305389221557
GB0005576813	GBX		898		224755		311877.28860314563		123780.29079159936
GB0005603997	GBX		1203		1529560		19810.246083841106		7235.294117647059
GB0005758098	GBX		1257		600889		158604.10158947826		16776.315789473683
GB0005774855	GBX		270		99647		202235.89270123537		117515.92356687898
GB0006027295	GBX		292		233345		39612.59079903147		17266.591676040494
GB0006111909	GBX		191		102392		215964.13782326743		78408.34964122635
GB0006215205	GBX		129		143281		18283.861782092532		6625.418060200669
GB0006436108	GBX		274		56198		760518.1679063311		411948.05194805196
GB0006640972	GBX		115		9072		3328373.015873016		1477401.1299435028
GB0006650450	GBX		282		38725		1709025.177533893		298181.8181818182
GB0006667470	GBX		33		1980		1178686.8686868686		1160000.0
GB0006731235	GBX		1419		185657		1324551.9964235122		437817.2588832487
GB0006776081	GBX		1612		550551		180012.278608158		71580.18867924529
GB0006825383	GBX		1273		172645		1705182.8897448522		476131.68724279833
GB0006827546	GBX		302		2257		662607443.5090828		327666666.6666667
GB0006886666	GBX		176		44356		350913.0670033366		165406.42722117202
GB0006928617	GBX		245		79019		318415.69749047694		200532.7868852459
GB0007099541	GBX		1106		478672		255877.82448106428		33985.718064004235
GB0007188757	GBX		2508		174760		8735727.28313115		2059420.2898550725
GB0007323586	GBX		237		15057		6853410.373912466		3578947.3684210526
GB0007366395	GBX		209		45997		1079450.8337500272		932000.0
GB0007388407	GBX		180		40455		566278.5811395377		97588.97818599311
GB0007668071	GBX		201		50927		430710.62501227245		242342.34234234234
GB0007669376	GBX		1304		248810		642542.1003978939		262229.43722943723
GB0007816068	GBX		299		208857		114206.37086619074		78500.0
GB0007826091	GBX		155		63363		207592.75918122564		90608.32443970117
GB0007873697	GBX		219		110325		91660.548379787		19250.0
GB0007908733	GBX		1682		332614		808792.1735104355		311300.0
GB0007913485	GBX		265		368796		12819.960086334993		6655.290102389078
GB0007918872	GBX		270		116446		124853.5802002645		54610.65573770492
GB0007958233	GBX		113		191240		7283.727253712613		3184.6799580272823
GB0007973794	GBX		272		862756		4141.425849255178		1466.058185966914
GB0007980591	GBX		3323		4028505		30646.645591851073		6406.391317455532
GB0007990962	GBX		284		89170		175696.42256364247		64117.64705882353
GB0008025412	GBX		69		552925		425.92394990278973		241.65341812400635
GB0008085614	GBX		213		20222		2358569.874394224		781914.8936170213
GB0008220112	GBX		1630		1073083		46176.083303901		16847.82608695652
GB0008481250	GBX		64		338871		1344.4349029571724		1092.3336918113382
GB0008706128	GBX		2582		22072573		533.1766486852258		23.49910355271632
GB0008711763	GBX		86		102891		16241.459408500257		7996.67497921862
GB0008754136	GBX		681		331832		146621.60370307867		45188.72939925572
GB0008782301	GBX		1559		2825996		7634.062468595143		2375.773799564999
GB0008794710	GBX		159		30269		713343.6849582081		327360.77481840196
GB0008825324	GBX		209		78680		286306.5582104728		238095.2380952381
GB0008910555	GBX		254		102071		173773.1578998932		101629.62962962964
GB0009039941	GBX		224		288043		11251.028492273723		4296.160877513711
GB0009064097	GBX		276		238516		49481.79577051435		29571.026722925457
GB0009123323	GBX		293		76398		1238422.4717924553		236861.58401184308
GB0009223206	GBX		1574		435224		453120.0025733875		96644.29530201343
GB0009252882	GBX		3160		859244		559217.4516202615		163934.4262295082
GB0009292243	GBX		207		39595		950450.8144967799		666914.498141264
GB0009465807	GBX		1018		153106		1018414.0399461811		177576.33587786258
GB0009633180	GBX		1368		100921		5575265.801963912		2314285.714285714
GB0009697037	GBX		140		137472		31891.221485102422		20485.69527611444
GB0009887422	GBX		150		152093		25110.9518518275		13524.324324324325
GB0009895292	GBX		3190		192426		14672536.975252824		3079470.1986754965
GB0030232317	GBX		143		80644		83201.85010664153		14655.76862621817
GB0030517261	GBX		284		216498		135232.65803841143		79398.4962406015
GB0030913577	GBX		1889		4769908		6878.592836591398		437.8762999452655
GB0031215220	GBX		722		91632		959352.4096385542		309560.7235142119
GB0031232498	GBX		280		144099		82422.84818076462		37030.4114490161
GB0031274896	GBX		664		854138		12402.164521423938		2424.242424242424
GB0031348658	GBX		2690		4651251		9476.349481032092		730.1805550530087
GB0031544546	GBX		18		386603		6.787065801351774		3.0734796375150126
GB0031638363	GBX		1830		94334		9690195.47565035		3074534.1614906834
GB0031743007	GBX		1845		263134		1225270.5845690789		380299.53917050693
GB0032089863	GBX		1535		61593		15033133.635315701		6739325.842696629
GB0033195214	GBX		1636		1477607		30090.693939592868		13918.849512069852
GB0033986497	GBX		736		2277569		2434.7732165304324		1057.2711959573273
GB00B012BV22	GBX		166		55669		174883.68751010436		72159.80024968789
GB00B012TP20	GBX		122		106748		27430.02210814254		12236.50385604113
GB00B019KW72	GBX		1271		1153845		27834.77850144517		11819.043107531976
GB00B01QGK86	GBX		155		195472		14127.649995907343		6586.193889098454
GB00B02J6398	GBX		761		84452		2315363.756927012		1018951.6129032258
GB00B02QND93	GBX		174		67434		145192.33621022035		66267.94258373206
GB00B033F229	GBX		296		1195075		1865.9464887140975		1065.4396728016359
GB00B04V1276	GBX		127		124953		27595.015725912945		15752.62543757293
GB00B06QFB75	GBX		696		232545		217630.35111483798		57428.11501597444
GB00B0744359	GBX		217		243462		26157.675530472927		12581.344902386118
GB00B0744B38	GBX		1553		170423		2568404.499392688		940133.7792642141
GB00B082RF11	GBX		1818		933144		94915.12563977264		44801.84331797235
GB00B0H2K534	GBX		121		354016		3465.9732893428545		2132.8896522112495
GB00B0LCW083	GBX		1717		205250		1570840.438489647		673920.8633093525
GB00B0N8QD54	GBX		288		118332		187074.50224791266		119051.32192846034
GB00B0SWJX34	GBX		1650		77648		15473423.655470842		1824817.5182481753
GB00B0WMWD03	GBX		241		170756		43185.715289653075		19622.395833333332
GB00B0YG1K06	GBX		174		462409		2831.0435134264253		1139.0021964229684
GB00B10RZP78	GBX		2762		407903		2404232.5013544885		445534.8380765456
GB00B11V7W98	GBX		246		147187		153841.0321563725		44886.088221037324
GB00B128J450	GBX		199		706507		2314.1738156876013		1417.8190092770874
GB00B132NW22	GBX		176		230714		17216.380453721926		10842.207163601162
GB00B135BJ46	GBX		164		36595		514141.27613061893		274452.5547445255
GB00B14SKR37	GBX		189		136752		31537.01591201591		10842.207163601162
GB00B15FWH70	GBX		62		585125		337.3005767998291		135.07709487608986
GB00B17BBQ50	GBX		748		301196		94165.85877634498		28778.979907264296
GB00B17MMZ46	GBX		165		290230		4897.116080350067		1543.770432255721
GB00B188SR50	GBX		203		682712		4678.693211778906		3572.9047072330654
GB00B19NLV48	GBX		1660		194908		2447570.1356537445		939666.6666666666
GB00B19Z1432	GBX		243		221376		20656.71075455334		7555.555555555556
GB00B19Z2J52	GBX		150		601181		1874.676678071995		906.036241449658
GB00B1CKQ739	GBX		153		44327		363548.17605522595		184973.1663685152
GB00B1CRLC47	GBX		1377		240102		789488.8422420471		344597.98994974873
GB00B1FH8J72	GBX		1590		154710		2945894.900135738		1409500.0
GB00B1FP6H53	GBX		139		133289		22491.72849972616		9838.635315813739
GB00B1FW5029	GBX		242		778700		3892.8213689482473		1652.3412443874279
GB00B1JQBT10	GBX		298		1643956		383.9883792510262		94.3950137753489
GB00B1JQDM80	GBX		176		650260		2056.2697997723985		1025.75554563049
GB00B1KJJ408	GBX		1529		130352		3117573.953602553		1221800.9478672985
GB00B1L5QH97	GBX		158		180155		11819.932835613778		3707.8969714123973
GB00B1N7Z094	GBX		200		62206		377367.13500305434		281508.51581508515
GB00B1QH8P22	GBX		109		52129		119105.48830785167		69047.61904761905
GB00B1V9NW54	GBX		241		36132		701295.25074726		221881.83807439826
GB00B1VNSX38	GBX		208		108311		129141.08446972145		85018.72659176029
GB00B1VZ0M25	GBX		1473		312118		471390.659942714		179963.43692870202
GB00B1WY2338	GBX		1584		301138		743598.1178064542		372580.6451612903
GB00B1XH2C03	GBX		309		421526		9418.588651708316		3096.2234868080704
GB00B1XZS820	GBX		2831		250720		4392068.442884493		916263.7362637363
GB00B1YKG049	GBX		113		201397		5945.4708858622525		1832.8358208955224
GB00B1YW4409	GBX		1395		320373		518872.5329537758		229166.66666666666
GB00B1Z4ST84	GBX		120		82548		37796.43359015361		13265.524625267666
GB00B1ZBKY84	GBX		269		376834		14327.290000371517		7883.360522022838
GB00B23K0M20	GBX		73		804804		209.47584753554904		109.98439937597504
GB00B24CGK77	GBX		2574		123318		12624723.884591058		3599500.0
GB00B29H4253	GBX		215		163064		44565.32404454693		24098.1240981241
GB00B2B0DG97	GBX		1515		281811		1222540.9937866158		374500.0
GB00B2NGPM57	GBX		179		83990		95491.60614358852		43207.729468599035
GB00B2PDGW16	GBX		135		28921		668581.653469797		430487.8048780488
GB00B2QPKJ12	GBX		1551		407860		281063.50218212133		92387.26790450928
GB00B39J2M42	GBX		1502		489696		323484.1616023002		145977.80859916782
GB00B3DGH821	GBX		188		358860		5508.554868193724		2283.4295868502886
GB00B3FLWH99	GBX		215		71832		194062.53480343023		88850.41551246538
GB00B3MBS747	GBX		1184		212813		689273.4466409477		292464.1148325359
GB00B41H7391	GBX		193		132382		51501.7147346316		26088.588588588587
GB00B45C9X44	GBX		190		124771		51007.445640413236		21297.46835443038
GB00B4WFW713	GBX		295		496058		14901.039797765583		12390.0
GB00B4Y7R145	GBX		226		793011		2606.6347125071406		1797.3212527082924
GB00B4YZN328	GBX		230		528516		2919.154765418644		947.0672389127325
GB00B53P2009	GBX		193		268451		13302.911890810614		7282.82427608092
GB00B572ZV91	GBX		89		1116663		218.95146521376637		160.46402072782948
GB00B5N0P849	GBX		117		203741		9118.096014057062		5177.257525083612
GB00B5ZN1N88	GBX		1537		428879		448263.14648187486		163994.7437582129
GB00B60BD277	GBX		134		202874		10231.07938917752		4731.248102034619
GB00B61TVQ02	GBX		209		98735		139898.718792728		90221.91400832178
GB00B62G9D36	GBX		270		570544		7381.464006281724		3152.234377897274
GB00B62Z3C74	GBX		215		208625		27144.637507489515		14720.812182741116
GB00B635TG28	GBX		184		1738222		263.7522709987562		122.40909324692691
GB00B63H8491	GBX		2001		5060724		3759.452797662943		1418.187001140251
GB00B63QSB39	GBX		213		33642		1501667.5584091314		1151960.7843137255
GB00B67G5X01	GBX		140		46981		198484.49373150847		94017.09401709402
GB00B6XZKY75	GBX		169		57482		145182.83984551686		52721.45144076841
GB00B6YTLS95	GBX		86		250628		2546.223885599374		1109.3048459513857
GB00B71N6K86	GBX		104		124834		6207.699825368089		636.9313113291704
GB00B7KR2P84	GBX		928		509668		89356.34569955344		31785.516860143725
GB00B7N0K053	GBX		181		414630		4581.819935846417		466.8508287292818
GB00B7T77214	GBX		1782		3132795		11879.816585509107		2438.7864598575748
GB00B82YXW83	GBX		135		72954		64596.59511472983		25859.49177877429
GB00B8C3BL03	GBX		1778		658529		182076.7194762873		85192.80205655527
GB00B8HX8Z88	GBX		189		123303		49062.22881843913		18392.24629418472
GB00B8SC6K54	GBX		232		905889		3918.6920251818933		361.4457831325301
GB00B8VZXT93	GBX		127		94871		36367.910109517135		15722.610722610723
GB00BBG9VN75	GBX		1501		135579		2674459.1714056013		1103703.7037037036
GB00BCKFY513	GBX		106		648897		543.1524571696278		226.14470464872423
GB00BCRX1J15	GBX		59		231658		1982.383513627848		1289.4341512268402
GB00BD3VFW73	GBX		173		361719		8533.585462748708		6432.471787404441
GB00BD45SH49	GBX		212		127951		64625.05177763363		29506.454062262717
GB00BD6GN030	GBX		170		213316		14383.379587091451		5969.568294409059
GB00BD6K4575	GBX		1662		320301		811278.2976013188		258277.02702702704
GB00BD7XPJ64	GBX		211		505818		3409.0720377685257		1358.8074023303632
GB00BD8DR117	GBX		201		153988		40545.04247084189		18047.337278106508
GB00BD8HBD32	GBX		266		1103766		2030.4575426313186		1521.0297316896301
GB00BDCPN049	EUR		272		34575		34714.85177151121		11706.666666666666
GB00BDCXV269	GBX		276		595374		5821.408056112628		2879.1615289765723
GB00BDD85M81	GBX		930		426737		138565.90827605763		63080.0
GB00BDFBVT43	GBX		190		66024		187527.26281352236		88781.16343490305
GB00BDFGHW41	GBX		216		377961		12224.277107955582		7887.1721164211285
GB00BDHXPG30	GBX		170		193883		13605.628136556583		4732.97089862488
GB00BDR05C01	GBX		2173		611239		394112.3848445534		104101.12359550562
GB00BDVZYZ77	GBX		1638		1074388		54071.154927270225		21243.275552898984
GB00BF044593	GBX		326		225376		27513.044867244073		7636.068237205524
GB00BF448H58	GBX		143		116025		22202.45636716225		6846.153846153846
GB00BF4HYT85	GBX		332		70403		539096.3453261935		198275.8620689655
GB00BF4JDH58	GBX		469		727865		13231.231066200464		2309.0992226794697
GB00BF5H9P87	GBX		221		81225		180751.000307787		86475.40983606558
GB00BF8Q6K64	GBX		1726		2002494		15897.188705684011		2374.4292237442924
GB00BFXYH242	GBX		238		209405		19051.789594326783		5967.684021543986
GB00BFZNLB60	GBX		147		97810		43598.60954912585		17874.456183965194
GB00BG11K365	GBX		209		96456		116990.95960852617		58738.738738738735
GB00BG12Y042	GBX		228		48550		489089.5983522142		228666.66666666666
GB00BG49KP99	GBX		960		1860434		11634.575588276713		5346.127484578478
GB00BGBN7C04	GBX		141		152498		24760.718173353092		12247.942386831275
GB00BGDT3G23	GBX		1700		582591		195238.8897185161		82012.5786163522
GB00BGJWTR88	GBX		210		165058		190314.91960401798		147000.0
GB00BGLP8L22	GBX		276		80472		454125.6586141764		232098.76543209876
GB00BGXQNP29	GBX		1177		430603		163638.5719560709		67065.46275395034
GB00BH3VJ782	GBX		20		5284		68334.59500378501		19938.616071428572
GB00BH4HKS39	GBX		3278		14134720		3035.603252133753		367.23677039267085
GB00BHJYC057	GBX		1907		102696		8588694.788501987		3551538.4615384615
GB00BHSRZC82	GBX		276		291643		21227.49388807549		9435.66591422122
GB00BJ0LT190	GBX		173		204057		32352.47994432928		29720.0
GB00BJ1F4N75	GBX		177		128072		53129.80198638266		24835.164835164836
GB00BJ62K685	GBX		118		94321		43586.47597035655		26011.9940029985
GB00BJFFLV09	GBX		1692		63117		18814972.194495935		5917948.717948718
GB00BJHPLV88	GBX		219		147622		34580.21162157402		11591.591591591592
GB00BJLP1Y77	GBX		218		793735		4569.76194825729		4100.0
GB00BJTNFH41	GBX		147		269457		4740.106955840821		1609.4740768370011
GB00BJTRSD38	GBX		186		495179		8162.199931741855		3453.125
GB00BJVQC708	GBX		204		438870		6515.824731697314		3153.684210526316
GB00BK1PKQ95	GBX		262		433606		16795.316485472988		13725.0
GB00BK7YQK64	GBX		173		1268930		492.67965924046246		257.92260085004847
GB00BK9RKT01	GBX		847		167838		690611.482500983		216347.68740031897
GB00BKDRYJ47	GBX		505		898155		7459.814842649654		3169.5568400770712
GB00BKDTK925	GBX		111		145328		12865.518000660575		5895.788722341184
GB00BKFB1C65	GBX		1688		2128285		14508.827530147513		6321.83908045977
GB00BKLXD974	GBX		164		200748		12041.365293801184		4631.4457450173995
GB00BKPG0S09	GBX		203		409625		7487.824229478181		4809.800128949065
GB00BKRC5K31	GBX		141		84078		78823.23556697353		41502.68336314848
GB00BKY40Q38	GBX		189		114604		29393.56392447035		6883.9182414192055
GB00BKZGVH64	GBX		168		124897		94584.33749409513		44062.5
GB00BL6K5J42	GBX		74		5070		2852071.00591716		1719827.5862068965
GB00BL6NGV24	GBX		216		198351		28353.877721816378		13731.667571971755
GB00BL9YR756	GBX		111		85635		62456.23868745256		17425.86365025986
GB00BL9ZF303	GBX		159		243245		12941.396534358362		7596.84091763821
GB00BLDRH360	GBX		216		144363		68388.16040121084		44305.283757338555
GB00BLDYK618	GBX		1623		398145		373164.0985068254		118293.33333333333
GB00BLGZ9862	GBX		2460		2710087		25694.73230933177		5085.5446927374305
GB00BLH3CY60	GBX		91		154104		10735.736904947309		7001.166861143524
GB00BLJNXL82	GBX		1679		87778		7158839.34471052		2464000.0
GB00BLWDVP51	GBX		219		45565		413479.6444639526		158888.88888888888
GB00BLWDVR75	GBX		221		622155		3021.208541279906		1550.1464128843338
GB00BLY2F708	GBX		147		783671		791.8373909459455		374.8537485374854
GB00BM8Q5M07	GBX		1452		2055716		9528.996223213713		3261.834319526627
GB00BMBVGQ36	GBX		212		352673		25669.27437030904		9167.583425009168
GB00BMH18Q19	GBX		271		122113		100006.71509175927		42392.34449760766
GB00BMJ6DW54	GBX		1490		634528		128028.89706994806		56160.9907120743
GB00BMMV6B79	GBX		288		73450		346585.4322668482		117333.33333333333
GB00BMT9K014	GBX		52		77172		14986.782770953196		10135.704258306036
GB00BMTS0Z37	GBX		277		93358		121917.7788727265		35433.07086614173
GB00BMTV7393	GBX		138		458225		2613.31223743794		1508.3950171511103
GB00BMVQDZ64	GBX		325		59516		460844.142751529		137758.62068965516
GB00BMX64W89	GBX		183		179943		24801.96506671557		11548.451548451549
GB00BMXWN182	GBX		290		653333		4804.563675797794		2445.977011494253
GB00BN0SMB92	GBX		243		249263		20904.10530243157		9693.363844393592
GB00BN44P254	GBX		231		220895		12764.661943457299		2933.031218529708
GB00BN4NDR39	GBX		212		702735		3107.714856951767		1040.0
GB00BN7CG237	GBX		83		34485		206878.9328693635		72000.0
GB00BNC5T391	GBX		169		359282		5344.979709531788		2553.441390650693
GB00BND88V85	GBX		235		218440		31640.7251419154		17216.55668866227
GB00BNG2M159	GBX		233		398757		15329.260677555503		12700.0
GB00BNK9TP58	GBX		119		182085		8746.135046818794		3776.063981719509
GB00BNKVP754	GBX		84		204708		4484.192117552807		2598.5781990521327
GB00BNLPYF73	GBX		273		294919		21178.696523452203		10887.48787584869
GB00BNNTLN49	GBX		1345		417816		331014.84864150727		133866.66666666666
GB00BNR4T868	GBX		257		97681		155004.55564541722		53494.874184529355
GB00BNR5MZ78	GBX		1324		1878568		8643.597144207715		2649.489019352033
GB00BNYK8G86	GBX		771		385309		100889.13054198059		5632.533513574405
GB00BP37WF17	GBX		250		169560		41450.22410945978		16457.960644007155
GB00BP6MXD84	EUR		203		12648		43865.98671726755		20300.751879699248
GB00BP6MXD84	GBX		3428		1057689		623033.6327597243		115047.51847940865
GB00BRB37M78	GBX		202		94726		109732.28047209847		43750.0
GB00BRS65X63	GBX		175		190330		25214.62722639626		15938.967136150235
GB00BV9FP302	GBX		161		20256		2028436.018957346		1146788.990825688
GB00BVFNZH21	GBX		194		210774		26273.354398550106		16743.063932448735
GB00BVG1CF25	GBX		17		83493		541.1232079335992		501.0518263530312
GB00BVGBWW93	GBX		240		1643585		907.6500454798504		563.7691485571785
GB00BVYVFW23	GBX		1725		694486		157780.25762938347		76365.82430806257
GB00BWFGQN14	GBX		1424		32246		50474942.62854307		12446808.510638298
GB00BWXC7Y93	GBX		263		290179		24338.08097760348		15287.356321839081
GB00BY2Z0H74	GBX		114		138386		17169.005535242006		8539.518900343643
GB00BY7QYJ50	GBX		215		81616		164547.3926681043		82266.66666666667
GB00BY9D0Y18	GBX		468		509928		24315.707315542586		13732.620320855614
GB00BYM1K758	GBX		196		175651		25085.538938007754		6082.8877005347595
GB00BYM8GJ06	GBX		145		90187		52074.9110182177		13735.558408215662
GB00BYN59130	GBX		106		115671		32106.923948094165		3337.1428571428573
GB00BYPHNG03	GBX		197		259859		20853.924628356148		15254.813137032843
GB00BYQ0JC66	GBX		322		177802		72884.95067547046		33235.294117647056
GB00BYQ46T41	GBX		227		541922		5734.109336768022		3138.7867647058824
GB00BYQB9V88	GBX		216		231700		18256.79758308157		8115.577889447236
GB00BYRJ5J14	GBX		294		994477		3950.0863267828217		3302.5
GB00BYT18307	GBX		176		36303		490281.79489298403		202719.6652719665
GB00BYT1DJ19	GBX		1530		211235		1054968.8735294815		396986.30136986304
GB00BYW0PQ60	GBX		1725		519044		240571.12691794915		98686.73050615595
GB00BYWVDP49	GBX		142		153910		18079.137158079397		8213.984835720303
GB00BYX7JT74	GBX		498		1661035		3556.469309797807		1721.344136007438
GB00BYXJC278	GBX		130		169473		12581.414148566439		5762.173606210304
GB00BYYTFB60	GBX		312		156888		130789.48039365662		67745.41531823085
GB00BYYW3C20	GBX		193		180986		22994.596267114583		7963.302752293578
GB00BYZDVK82	GBX		277		68136		612999.001996008		440963.8554216867
GB00BYZN9041	GBX		718		71914		2329846.7614094615		747682.119205298
GB00BZ0D6727	GBX		217		37443		778180.1671874583		371671.388101983
GB00BZ4BQC70	GBX		813		110496		1299426.223573704		625724.6376811594
GB00BZ6STL67	GBX		161		402649		3468.1571294104792		1481.4814814814815
GB00BZCNLL95	GBX		194		267532		12579.05596339877		6142.07650273224
GG00B1NP5142	GBX		328		28667		4325007.848745945		1780487.8048780488
GG00B1W3VF54	GBX		276		789240		4256.018448127313		3153.2237013834506
GG00B1Z5FH87	GBX		65		18837		465063.43897648243		387283.23699421965
GG00B3KX4Q34	GBX		8		25328		2792.16677195199		2735.1485148514853
GG00B4L0PD47	GBX		238		80375		190071.5396578538		19400.726392251818
GG00B4ZPCJ00	GBX		253		1010299		2683.1066842588184		2104.0
GG00B8P59C08	GBX		232		222142		17145.609565052982		5559.792027729636
GG00BBHX2H91	GBX		217		1122877		2557.3593545864774		444.53290870488325
GG00BBHXCL35	GBX		191		199676		56969.29025020533		46880.0
GG00BFYT9H72	GBX		319		1218506		2876.6210424897376		1300.0
GG00BGJYPP46	GBX		181		472005		6049.300325208419		1512.5072716695754
GG00BJL5FH87	GBX		223		706611		3526.834425164624		2662.508994962821
GG00BPFJTF46	GBX		428		103083		1061702.70558676		628750.0
GG00BR30MJ80	GBX		239		74723		736700.8819239056		642857.1428571428
GG00BV54HY67	GBX		307		856888		3609.759968630673		802.3246428283154
GG00BYV2ZQ34	GBX		248		413045		4987.035310922539		1407.1490845684393
GG00BYXVT888	GBX		254		127357		102405.83556459402		25521.098118962887
GI000A0F6407	GBX		139		173139		15941.353478996645		8301.567132570945
IE0001827041	GBX		935		85011		3348278.4580818955		1188400.0
IE0002424939	GBX		1543		74279		11565863.837693023		5506000.0
IE0003864109	GBX		156		268396		7182.260540395535		3226.828624240824
IE0004906560	EUR		151		8406		180151.6773733048		101450.0
IE0005042456	GBX		41		20665		151772.56230341157		23007.669223074357
IE0008471009	EUR		34		37400		3345.4411764705883		3295.4545454545455
IE0031442068	EUR		35		59500		2316.084033613445		2304.1176470588234
IE0031442068	GBX		11		7124		501642.3357664234		427105.2631578947
IE0032077012	EUR		66		26400		77737.12121212122		77025.0
IE00B00FV128	GBX		10		5988		310981.9639278557		243946.66666666666
IE00B00MZ448	GBX		271		80587		342237.58174395375		209316.7701863354
IE00B010DT83	GBX		165		221819		15051.235466754426		7282.82427608092
IE00B02KXH56	EUR		47		164500		403.46139817629177		401.25714285714287
IE00B0M63060	GBX		5		8536		42559.74695407685		37890.33942558747
IE00B0M63177	GBX		22		7931		915319.6318244862		496153.8461538461
IE00B1FZS350	GBX		26		9282		588833.2255979315		587675.0700280112
IE00B1RR8406	GBX		1711		150982		3514886.5427666875		420533.3333333333
IE00B1TXLS18	GBX		16		30398		31769.52431080992		26657.71812080537
IE00B1XNH568	EUR		36		630160		78.66256188904406		73.08108108108108
IE00B3XXRP09	USD		68		48423		11528.24071205832		10178.75
IE00B3ZW0K18	EUR		12		1128		101156.91489361702		99393.6170212766
IE00B42TW061	GBX		12		2776		3005871.757925072		2310033.4448160534
IE00B42Z5J44	EUR		10		1550		36351.6129032258		36348.3870967742
IE00B441G979	EUR		15		1860		56835.48387096774		56677.41935483871
IE00B44Z5B48	USD		22		1860		214241.93548387097		160035.7142857143
IE00B4L5Y983	GBX		5		1706		1773856.9753810081		1765497.076023392
IE00B53SZB19	EUR		68		13600		358952.9411764706		355900.0
IE00B5BMR087	EUR		70		14000		201847.85714285713		200850.0
IE00B5BMR087	GBX		11		539		68002782.93135436		67704081.63265306
IE00B5BMR087	USD		75		7264		456681.8557268722		438500.0
IE00BD1RP616	EUR		97		58840		908.3480625424882		564.1450777202073
IE00BDC5DG00	GBX		212		101326		88633.71691372401		36842.10526315789
IE00BKM4GZ66	GBX		13		6002		532847.3842052649		527693.9655172414
IE00BMW3QX54	EUR		68		135142		1047.3760932944606		857.2916666666666
IE00BWT6H894	GBX		1989		82871		19674870.581988875		2038000.0
IE00BWY4ZF18	GBX		215		480803		4349.8064695935755		1933.7694194603434
IE00BZ12WP82	EUR		34		374		2590909.090909091		2590909.090909091
IL0010849045	GBX		135		591397		1041.6860416944962		446.3759575721862
IL0011284465	GBX		163		39314		552678.4351630462		378285.71428571426
IM00B5VQMV65	GBX		1500		239471		948845.9980540441		416713.0919220056
IM00B7S9G985	GBX		167		81340		122936.4396360954		51038.062283737025
IT0003128367	EUR		1		91		6316.483516483517		6316.483516483517
IT0003132476	EUR		73		2855		38534.15061295972		24916.666666666668
IT0003198790	EUR		103		2290000		39.58777292576419		22.0
IT0004712375	EUR		1		29		58103.44827586207		58103.44827586207
JE00B248KJ21	GBX		208		96689		82989.79201356928		30700.325732899022
JE00B4T3BW64	GBX		3839		4996462		36400.05467869064		1310.7834152572968
JE00B55Q3P39	GBX		262		389689		10285.432742520317		4468.614045991299
JE00B5TT1872	GBX		386		676336		6281.744576660121		1844.1744102930666
JE00B6173J15	GBX		199		380509		5616.529438199885		2265.2757078986588
JE00B6T5S470	GBX		24		9778		49708.01799959092		14525.810324129652
JE00B8KF9B49	GBX		1912		741709		244316.61204057117		23040.63860667634
JE00BF5FX167	GBX		288		409569		22947.17129470248		21433.333333333332
JE00BJ1DLW90	GBX		824		1052224		14453.334080956147		6971.025543271064
JE00BJVNSS43	GBX		1970		64127		34365898.91933195		8880000.0
JE00BMDZN391	GBX		87		184896		5139.48381793008		2464.804984998846
JE00BN574F90	GBX		776		39360		5428099.593495935		1529310.3448275863
JE00BVRZ8S85	GBX		266		229712		106172.94699449746		45906.579608237065
JE00BYVQYS01	GBX		166		225703		17929.80155336881		12062.276671771311
KYG9361H1092	GBX		176		142682		93409.11958060582		49967.126890203814
LI0315487269	CHF		148		6337		220059.96528325707		150483.87096774194
LI0355147575	CHF		182		12906		75937.54842708817		49629.62962962963
LU0252633754	EUR		101		70096		17884.330061629764		17534.285714285714
LU0252634307	EUR		66		52800		12175.037878787878		11895.0
LU0274211480	EUR		66		45740		18314.954088325318		17908.571428571428
LU0292106241	EUR		48		182510		443.10996657717385		284.25454545454545
LU0378438732	EUR		6		432		157138.88888888888		157111.11111111112
LU0380865021	EUR		34		23800		8041.302521008403		7927.142857142857
LU0411075020	EUR		34		1503862		4.157203254021978		3.61010101010101
LU0411075376	EUR		33		26400		13340.30303030303		13037.5
LU0490618542	USD		61		43686		11533.534770864808		10237.5
LU0603940916	EUR		6		3498		2924.1852487135507		2924.1852487135507
LU1072616219	GBX		1562		704571		132442.20951472598		67542.85714285714
LU1681037864	EUR		2		70		695185.7142857143		695114.2857142857
LU1829219390	EUR		14		2800		41358.57142857143		40630.0
LU1834983550	EUR		19		1786		102355.99104143337		101767.02127659574
LU1834988278	EUR		16		3024		24280.95238095238		24106.349206349205
LU2197908721	EUR		2		134		201253.73134328358		201223.8805970149
NL0010545661	EUR		1		39		31653.846153846152		31653.846153846152
NL0010937058	EUR		6		6000		1934.0		1934.0
NL0011540547	EUR		34		3128		15108.695652173914		15108.695652173914
NL0011832936	CHF		221		18115		73450.17940932928		54660.19417475728
NL0012015705	GBX		74		9091		1993383.5661643383		1160250.0
NL0012169213	EUR		1		5		866200.0		866200.0
NL0012650360	GBX		115		11679		2505060.3647572566		1368478.2608695652
NL0012817175	EUR		34		340		840000.0		840000.0
SE0000112724	SEK		1		7		2200714.285714286		2200714.285714286
SE0000115446	SEK		1		6		2748333.3333333335		2748333.3333333335
SE0000171100	SEK		1		16		395625.0		395625.0
SE0000379190	SEK		33		7953		114356.84647302904		114356.84647302904
SE0000872095	SEK		2		12		3053333.3333333335		3053333.3333333335
SE0001342395	SEK		33		13200		135346.21212121213		133500.0
SE0001662230	SEK		33		363		1192727.2727272727		1192727.2727272727
SE0003051010	SEK		36		6603		597495.0779948508		537600.0
SE0005466505	SEK		33		425700		129.75428705661264		125.4108527131783
SE0005466513	SEK		33		257400		353.14879564879567		344.4230769230769
SE0007100581	SEK		3		15		4944000.0		4838000.0
SE0009922164	SEK		1		5		4568000.0		4568000.0
SE0011090018	SEK		1		5		9058000.0		9058000.0
SE0012853455	SEK		1		46		619565.2173913043		619565.2173913043
SG9999003735	GBX		153		6581		8580458.89682419		583333.3333333334
US01609W1027	EUR		199		14680		125102.52043596731		57062.5
US7594701077	USD		238		66362		22434.902504445316		14392.857142857143
US7960502018	USD		8		40		26820000.0		26680000.0
US7960508882	USD		75		1410		9098156.028368793		4731578.947368421
US8565522039	USD		37		3939		56194.4656004062		33828.57142857143
USY5217N1183	USD		2		447		10044.742729306488		10000.0
ZAE000255360	GBX		150		539206		1699.7770796319032		792.2281826507916
